id,proveedor_id,fecha_creacion,importe,iva,retencion_isr,retencion_iva,total,condiciones_compra,referencia,descripcion,status_documento,nombre_sitio,status_pago,nombre_prov,nombre_servicio
2,104,"20-01-2021 11:43",2312.07,369.93,NULL,NULL,2682,"realizar pago al 100%",N/A,NULL,1,Naranjos,1,"Madereria Rayon SA de CV",Materiales
3,11,"20-01-2021 12:43",7373.28,1179.72,0.00,0.00,8553.00,CONTADO,,NULL,1,oficina,1,"123 LEASE S.A.P.I DE CV","Mantenimiento Eq Transporte"
4,70,"20-01-2021 13:23",3877.95,0,0.00,0.00,3877.95,gastos,,NULL,1,"Nueva Jerusalén",1,"GUILLERMO ARREOLA BARRERA","Gastos a Comprobar"
6,63,"20-01-2021 14:58",6000,0,0,0,6000,"Gastos para obra",S/N,NULL,2,"3412 Hermosillo",0,"JORGE CISNEROS GARCIA","Gastos a Comprobar"
7,105,"20-01-2021 16:02",240,,,,240,reembolso,N/A,NULL,1,"MOROLEON ",1,"Juan Carlos Flores Solis",Materiales
8,56,"20-01-2021 16:06",1986,317.76,0.00,0.00,2303.76,"pago por traslado",N/A,NULL,1,"MOROLEON ",1,"JOSE TOMAS FLORES BOTELLO","Traslado Torreros"
9,13,"20-01-2021 16:13",2491,398.56,0.00,0.00,2899.56," •Agregar a un pasajero documentación•

*****(Compra por internet)*****

Comprar vuelo de las 17:53*

Nahum Castillo Altamirano, 02-12-1982

Pablo Jhair Guillen Alejandro, 07 - 10 - ",https://www.despegar.com.mx/shop/flights/results/oneway/CJS/MEX/2021-01-21/2/0/0/NA/NA/NA/NA/?from=SB&di=2-0&reSearch=true," PAGO PARA:  

",1,"POP CDJUAREZ",1,"YASMIN GARCIA GUZMAN (SANTANDER)","Boletos de Avión"
13,57,"20-01-2021 17:08",124926.74,19988.28,0.00,0.00,144915.02,"pago del 100% del material",N/A,NULL,2,"Isla Chipre",0,"FERREACEROS LOBO (JOSUE RICARDO GOMEZ PAZ)",Materiales
14,57,"20-01-2021 17:10",15758.62,2521.38,0.00,0.00,18280.00,"Pago del 100%",N/A,NULL,1,"Isla Chipre",1,"FERREACEROS LOBO (JOSUE RICARDO GOMEZ PAZ)",Materiales
15,63,"20-01-2021 17:12",6000,,,,6000,"A COMPROBAR",,NULL,1,"3412 Hermosillo",1,"JORGE CISNEROS GARCIA","Gastos a Comprobar"
16,74,"21-01-2021 08:57",795.01,127.20,0.00,0.00,922.21,"Material Facturado",N/A,NULL,1,"MOROLEON ",0,"CLAVOS NACIONALES CN SA DE CV",Materiales
17,65,"21-01-2021 09:45",6141.38,,,,6141.38,"Deposito de caja chica",N/A,NULL,2,"Gomez Palacio Oeste",0,"JUAN CARLOS HIDALGO TREJO","Gastos a Comprobar"
18,57,"21-01-2021 10:08",127926.74,20468.28,0.00,0.00,148395.02,"pago de material al 100%",N/A,NULL,1,"Isla Chipre",1,"FERREACEROS LOBO (JOSUE RICARDO GOMEZ PAZ)",Materiales
19,14,"21-01-2021 10:12",973.50,,,,1947,"pago al 100%",N/A,"Josafat y Cristian",1,Naranjos,1,"YASMIN GARCIA GUZMAN (BBVA)","Boletos de Autobus"
20,65,"21-01-2021 10:21",5941.38,,,,5941.38,"Caja Chica",N/A,NULL,1,"Gomez Palacio Oeste",1,"JUAN CARLOS HIDALGO TREJO","Gastos a Comprobar"
22,107,"21-01-2021 10:52",2000,,,,2000,"Gastos caja chica",,,0,"POP CDJUAREZ",0,"Nahum Castillo Altamirano","Gastos a Comprobar"
23,98,"21-01-2021 11:05",2000,,,,2000,"Caja chica",,,2,"POP Nuevo Laredo",0,"MEDERERIA EL PINO NEGRO 7 Blanca Estela Solís","Gastos a Comprobar"
24,107,"21-01-2021 11:31",2000,,,,2000,"Caja chica",,,1,"POP CDJUAREZ",1,"Nahum Castillo Altamirano","Gastos a Comprobar"
25,14,"21-01-2021 11:44",1738,,,,1738,"Pago de boleto",N/A,"Solicitud de boleto para Juan Villaseñor a Chihuahua",1,"Desarrollo Oriente",1,"YASMIN GARCIA GUZMAN (BBVA)","Boletos de Autobus"
26,38,"21-01-2021 12:14",10448.90,1671.82,0.00,0.00,12120.72,CONTADO,,"40 METROS CABLE FORRADO 7/16
02 ELECTRODOS EP716",1,Naranjos,1,"PARRES SA DE CV",Materiales
27,39,"21-01-2021 12:25",969.38,155.10,0.00,0.00,1124.48,CONTADO,,"1 zapata doble ojillo para cable calibre 2/0
3 conectores PVC uso rudo de 2"
1 conector de pvc uso rudo de 3/4
2 condulet OLL B41 serie oval PGG 2"
2 reductor bushing de 2 1/2 a 1 1/2
1",1,Naranjos,1,"DISTRIBUIDORA SANTIAGO S.A DE C.V.",Materiales
28,39,"21-01-2021 12:57",1848.80,295.81,0.00,0.00,2144.61,contado,,"10 REDUCCION BUSHING 63MM A 38MM 10 REDUCCION BUSHING 63MM A 32MM",2,"Stock Almacen",0,"DISTRIBUIDORA SANTIAGO S.A DE C.V.",Materiales
29,39,"21-01-2021 13:00",166674.97,26668.00,0.00,0.00,193342.97,CONTADO,,"MATERIAL ELECTRICO PARA COLLOS VARIOS SITIOS",1,"Stock Almacen",1,"DISTRIBUIDORA SANTIAGO S.A DE C.V.",Materiales
30,57,"21-01-2021 15:37",124533.62,19925.38,0.00,0.00,144459.00,"CONTADO, DEPOSITO EN CUENTA",,"Material para stock de 10 registros eléctricos ATC, Tubos para consertina de 10 sitios, 105 CGO de 3 m., 11 CGO de 3,84 m., 6 postes de centro de carga para 6 sitios. 15 registros de FO y 35",1,"Stock Almacen",1,"FERREACEROS LOBO (JOSUE RICARDO GOMEZ PAZ)",Materiales
31,57,"21-01-2021 15:52",124533.62,19925.38,0.00,0.00,144459.00,"Pago al 100%",,"Material para stock de 10 registros eléctricos ATC, Tubos para consertina de 10 sitios, 105 CGO de 3 m., 11 CGO de 3,84 m., 6 postes de centro de carga para 6 sitios. 15 registros de FO y 35",2,"Stock Almacen",0,"FERREACEROS LOBO (JOSUE RICARDO GOMEZ PAZ)",Materiales
32,109,"21-01-2021 16:05",10347.48,1655.60,0.00,0.00,12003.08,contado,,"500 cinchos metalicos",1,"Stock Almacen",1,"ULINE SHIPPING SUPPLIES S DE RL DE",Materiales
33,57,"21-01-2021 16:27",15896.55,2543.45,0.00,0.00,18440.00,"pago al 100%",N/A,"Material para incremento ",1,"Los Ejes",1,"FERREACEROS LOBO (JOSUE RICARDO GOMEZ PAZ)",Materiales
34,57,"21-01-2021 16:29",6231.90,997.10,0.00,0.00,7229.00,"pago al 100%",N/A,"Material para incremento",1,"Los Ejes",1,"FERREACEROS LOBO (JOSUE RICARDO GOMEZ PAZ)",Materiales
35,64,"21-01-2021 16:42",3454,,,,3454,"solicitud caja chica",N/A,"Cajas Chica",1,Naranjos,1,"JOSE JUAN MAGAÑA MORALES","Gastos a Comprobar"
36,39,"21-01-2021 17:22",1508.10,241.30,0.00,0.00,1749.40,contado,,"2 curvas de pgg de 1 1/2
2 curvas de pgg de 2 1/2
16 taquetes expansivos de 1/2 x 10 cm",1,Naranjos,1,"DISTRIBUIDORA SANTIAGO S.A DE C.V.",Materiales
37,58,"21-01-2021 17:30",35,,,,35,"sobre para ing octavio",N/A,"Tubo para cambios en malla",1,Naranjos,1,"GALVANIZADORA CAMENDO SA DE CV",Galvanizado
38,58,"22-01-2021 09:58",585,,,,585,"Pago "sobre"",,,1,Torreon,1,"GALVANIZADORA CAMENDO SA DE CV",Galvanizado
39,74,"22-01-2021 10:02",12787.91,2046.07,0.00,0.00,14833.98,"pasar a facturacion",N/A,"Tornilleria para torre y escantillon",1,"Isla Chipre",0,"CLAVOS NACIONALES CN SA DE CV",Materiales
40,66,"22-01-2021 11:09",3735.48,,,,3735.48,"Solicitud de caja chica",N/A,"Caja chica",1,Torreon,1,"KEVIN BRYAN BARRON VELAZQUEZ","Gastos a Comprobar"
41,57,"22-01-2021 11:30",1336.21,213.79,0.00,0.00,1550.00,"pago al 100%",N/A,"Material para fabricar 3 pasos de gato",1,Naranjos,1,"FERREACEROS LOBO (JOSUE RICARDO GOMEZ PAZ)",Materiales
42,110,"22-01-2021 11:48",1579.29,252.69,0.00,0.00,1831.98,"Pago de materiales",," ",2,"3412 Hermosillo",0,"COEL HERMOSILLO , S.A. DE C.V.",Materiales
44,40,"22-01-2021 14:22",2700,432.00,0.00,0.00,3132.00,CONTADO,,"COMPRA DE 2 DISCOS DE FRENADO NUEVOS PARA HILUC GRIS MODELO 2016 PLACAS SS0303E",2,oficina,0,"VIDAL GOMEZ ARTEAGA","Mantenimiento Eq Transporte"
45,40,"22-01-2021 14:27",2900,464.00,0.00,0.00,3364.00,CONTADO,"SERVICIO DE FRENOS CON CAMBIO DE BALATAS DELANTERA Y TRASERA PARA TOYOTA HILUX 2016 PLACA SS0303E","SERVICIO DE FRENOS CON CAMBIO DE BALATAS DELANTERA Y TRASERA PARA TOYOTA HILUX 2016 PLACA SS0303E",2,oficina,0,"VIDAL GOMEZ ARTEAGA","Mantenimiento Eq Transporte"
46,40,"22-01-2021 14:30",3100,496.00,0.00,0.00,3596.00,CONTADO,,"SERVICIO DE AFINACION  PARA TOYOTA HILUX 2016 PLACA SS0303E",2,oficina,0,"VIDAL GOMEZ ARTEAGA","Mantenimiento Eq Transporte"
47,111,"22-01-2021 15:36",7000,,,,7000,"Caja chica",N/A,"Caja chica",1,"Ciudad Acuña",1,"PABLO VIDAL REYES BOLAÑOS  ","Gastos a Comprobar"
48,63,"22-01-2021 16:09",3500,,,,3500,"GASTOS A COMPROBAR",,,1,"3412 Hermosillo",1,"JORGE CISNEROS GARCIA","Gastos a Comprobar"
49,107,"22-01-2021 16:41",6500,1040.00,0.00,0.00,7540.00,"Pago levantamiento",," PAGO DE LEVANTAMIENTO PARA MIGRACION",1,"POP CDJUAREZ",1,"Nahum Castillo Altamirano",Subcontrato
50,34,"22-01-2021 17:09",40593.10,6494.90,0.00,0.00,47088.00,CONTADO,,"ABONO A EFECTICARD COMBUSTIBLE CONSUMO INTERNO/FORANEOS",1,oficina,1,"EFECTIVALE S DE RL DE CV",Combustible
51,74,"22-01-2021 17:18",8591.47,1374.64,,,9966.11,"pasar a facturacion",N/A,"Tornilleria para refuerzo",1,Taxco,0,"CLAVOS NACIONALES CN SA DE CV",Materiales
52,57,"22-01-2021 17:34",320.69,51.31,0.00,0.00,372.00,"pago al 100%",N/A,"Tejuelo para porton",1,"Diaz Ordaz",1,"FERREACEROS LOBO (JOSUE RICARDO GOMEZ PAZ)",Materiales
53,57,"22-01-2021 17:36",25586.21,4093.79,0.00,0.00,29680.00,"pago al 100%",N/A,"placa para contras en clip",2,Taxco,0,"FERREACEROS LOBO (JOSUE RICARDO GOMEZ PAZ)",Materiales
54,112,"22-01-2021 17:58",2600,416.00,0.00,0.00,3016.00,"sin condiciones",,"Pago retiro de material producto de excavacion.",1,"3412 Hermosillo",1,"ROSA MARIA MORENO CASTRO",Materiales
55,57,"23-01-2021 09:25",38344.83,6135.17,0.00,0.00,44480.00,"pago al 100%",N/A,"angulo para refuerzo",2,Taxco,0,"FERREACEROS LOBO (JOSUE RICARDO GOMEZ PAZ)",Materiales
56,57,"23-01-2021 12:43",38344.83,6135.17,0.00,0.00,44480.00,"pago al 100%",N/A,"Angulo para refuerzo",1,Taxco,1,"FERREACEROS LOBO (JOSUE RICARDO GOMEZ PAZ)",Materiales
57,74,"23-01-2021 12:55",3837.06,613.93,0.00,0.00,4450.99,"pasar a facturacion",N/A,"Tornilleria para refuerzo",1,Torreon,0,"CLAVOS NACIONALES CN SA DE CV",Materiales
58,59,"23-01-2021 12:59",16037.74,2566.04,0.00,0.00,18603.78,"pago al 100%",N/A,"placa para refuerzo",2,Taxco,0,"OPERADORA DE FRANQUICIAS DE ACERO MEXICO",Materiales
59,44,"25-01-2021 09:42",2375.86,380.14,0.00,0.00,2756.00,CONTADO,"COMEX ","5 GALONES REMOVEDOR DE PINTURA, 01 GALON DE THINER . 8 KG ESTOPA 04 AEROCOMEX ALUMINIO",1,"Stock Almacen",1,"PROVEEDORA DE MAT ESPECIALIZADOS GSJ SA DE CV",Materiales
60,71,"25-01-2021 11:02",5040,806.40,0.00,0.00,5846.40,"pago al 100%",N/A,"clips para refuerzo",1,Torreon,1,"MANUFACTURAS METALICAS ALME SA DE CV",Materiales
61,71,"25-01-2021 11:05",29098.80,4655.81,0.00,0.00,33754.61,"pago al 100%",N/A,"Clips para refuerzo en estrella",1,Taxco,1,"MANUFACTURAS METALICAS ALME SA DE CV",Materiales
62,113,"25-01-2021 11:07",1810.25,289.64,0.00,0.00,2099.89,"pago al 100%",N/A,"tubo de 2 1/2 faltante para malla",1,Naranjos,1,"TUBOS VALCON S.A. DE C.V.",Materiales
63,57,"25-01-2021 11:09",25586.21,4093.79,0.00,0.00,29680.00,"pago al 100%",N/A,"Placa para refuerzo",2,Taxco,0,"FERREACEROS LOBO (JOSUE RICARDO GOMEZ PAZ)",Materiales
64,57,"25-01-2021 11:13",25586.21,4093.79,0.00,0.00,29680.00,"pago al 100%",N/A,"Placa para refuerzo",1,Taxco,1,"FERREACEROS LOBO (JOSUE RICARDO GOMEZ PAZ)",Materiales
65,57,"25-01-2021 11:47",356.89,57.10,0.00,0.00,413.99,"pago 100%",N/A,"material para escalera",1,"Los Ejes",1,"FERREACEROS LOBO (JOSUE RICARDO GOMEZ PAZ)",Materiales
66,28,"25-01-2021 12:35",9500,1520.00,0.00,0.00,11020.00,"60% Anticipo, 40% Entrega",,"Fabricación de 10 curvas verticales",1,"Stock Almacen",2,"RCC COMUNICACIONES DE MEXICO SA DE CV",Materiales
67,40,"25-01-2021 14:49",1200,192.00,0.00,0.00,1392.00,CONTADO,"ALIMENTADOR DE SOLDADURA DE SOLDADORA DELTA MIG 5000","COMPRA DE PERILA Y MANGO DE AJUSTE DE PRESION PARA ALIMENTADOR DE DE SOLDADURA DE SOLDADORA DE,LTA MIG COLOCACION Y MANO DE OBRA  ",1,"Stock Almacen",1,"VIDAL GOMEZ ARTEAGA",Herramientas
68,115,"25-01-2021 14:52",3000,,,,3000,Deposito,N/A,"resguardo de material de BTS incluyendo torre hasta que se finalice BTS",1,Naranjos,1,"NARCISO GONZALEZ ORTIZ","Arrendamiento Terreno"
69,63,"25-01-2021 15:21",4785.14,,,,4785.14,"solicitud caja chica",N/a,"caja chica",1,"3412 Hermosillo",1,"JORGE CISNEROS GARCIA","Gastos a Comprobar"
70,56,"25-01-2021 15:28",3922.3,627.57,0.00,0.00,4549.87,"pago por traslado",N/A,"Tralado de Puebla a Cd Acuña",1,"Ciudad Acuña",1,"JOSE TOMAS FLORES BOTELLO","Traslado Torreros"
71,57,"25-01-2021 16:31",60630.18,9700.83,0.00,0.00,70331.01,"pago al 100%",N/A,"perfiles para torre",2,"Diaz Ordaz",0,"FERREACEROS LOBO (JOSUE RICARDO GOMEZ PAZ)",Materiales
72,116,"25-01-2021 16:36",77452.48,12392.40,0.00,0.00,89844.88,"pago al 100%",N/A,"Tuberia para torre",2,"Diaz Ordaz",0,"COVALCO SA DE CV",Materiales
73,75,"25-01-2021 17:07",1191.58,190.65,0.00,0.00,1382.24,"pago al 100 %",879772,"material para segunda pasada de impermeabilizante",1,"Nueva Jerusalén",1,"HOME DEPOT MEXICO S DE RL DE CV",Materiales
74,75,"25-01-2021 17:09",6450.26,1032.04,0.00,0.00,7482.30,"pago al 100%",879772,"impermeabilizante para azotea",2,Naranjos,0,"HOME DEPOT MEXICO S DE RL DE CV",Materiales
75,117,"25-01-2021 17:40",10500,,,,10500,deposito,N/A,"5500 de un mes y 5000 de deposito ",2,"Ciudad Acuña",0,FABIAN,"Renta de Campamento"
76,117,"26-01-2021 10:44",5500,,,,5500,"deposito por renta",N/A,"Pago de campamento por un mes ",1,"Ciudad Acuña",1,FABIAN,"Renta de Campamento"
77,117,"26-01-2021 10:46",5000,,,,5000,"deposito de campamento",N/A,"deposito de campamento ",1,"Ciudad Acuña",1,FABIAN,"Deposito de Campamento"
78,75,"26-01-2021 10:53",1253.51,200.56,0.00,0.00,1454.07,"Pago referenciado al 100",879772,"material complementario dados de torre",1,Naranjos,1,"HOME DEPOT MEXICO S DE RL DE CV",Materiales
79,74,"26-01-2021 11:07",1489.51,238.32,0.00,0.00,1727.83,"pasar a facturacion",N/a,"complemento tornilleria",1,"Los Ejes",0,"CLAVOS NACIONALES CN SA DE CV",Materiales
80,74,"26-01-2021 11:09",7470.5,1195.28,0.00,0.00,8665.78,"pasar a facturacion",N/A,"complemento tornilleria en uniones de tramo",1,Taxco,0,"CLAVOS NACIONALES CN SA DE CV",Materiales
81,111,"26-01-2021 11:14",3527,,,,3527,"Solicitud Caja Chica",N/A,"Caja Chica",1,"Ciudad Acuña",1,"PABLO VIDAL REYES BOLAÑOS  ","Gastos a Comprobar"
82,118,"26-01-2021 11:46",1600,256.00,0.00,0.00,1856.00,"Pago al 100%",N/A,"prueba de concreto ",1,Naranjos,1,"CONCRETEST (FRANCISCO A RODRIGUEZ PERALES)","Pruebas de Laboratorio"
83,38,"26-01-2021 11:53",13595,2175.20,0.00,0.00,15770.20,CONTADO,"SITIO TORREON
SITIO LOS EJES","60 MTS CABLE FORRADO 7/16 SITIO TORREON
38 MTS CABLE FORRADO 7/16 SITIO LOS EJES",1,Torreon,1,"PARRES SA DE CV",Materiales
84,35,"26-01-2021 12:13",8620.69,1379.31,0.00,0.00,10000.00,contado,"SIN COTIZACION SOLO ABONO A TARJETAS TELEVIA",,1,oficina,1,"OPERADORA CONCESIONARIA MEXIQUENSE (TELEVIA)","Saldo Televia"
85,15,"26-01-2021 12:24",3000,,,,3000,"PAGO CON TC",,"1 RECARGA EN LINEA A CTA 0001588185 TELEVIA",1,oficina,1,"EDGAR PARRA HERRERA","Saldo Televia"
86,70,"26-01-2021 12:49",4318.08,,,,4318.08,"Solicitud caja chica",N/A,"caja chica",1,Naranjos,1,"GUILLERMO ARREOLA BARRERA","Gastos a Comprobar"
87,57,"26-01-2021 12:52",20431.04,3268.97,0.00,0.00,23700.01,"Pago al 100%",N/A,"placa para 2 mastiles faltantes",1,"Guerrero Norte",1,"FERREACEROS LOBO (JOSUE RICARDO GOMEZ PAZ)",Materiales
88,57,"26-01-2021 12:53",11358.62,1817.38,0.00,0.00,13176.00,"pago al 100%",N/A,"material para dos mastiles",1,"Guerrero Norte",1,"FERREACEROS LOBO (JOSUE RICARDO GOMEZ PAZ)",Materiales
89,119,"26-01-2021 14:54",2880.00,460.80,0.00,0.00,3340.80,contado,,"COMPRA DE PISTOLA SANITIZANTE Y 5 LITROS DE SANITIZANTE OXIBIOL",1,oficina,1,"MARIO ALBERTO MORENO MALDONADO",Materiales
97,40,"26-01-2021 15:43",2000,320.00,0.00,0.00,2320.00,contado,"CAMBIO DE PISTON DE SIERRA CINTA INCLUYE REFACCION Y MANO DE OBRA, SE ANEXA COTIZACION SOLO DE COMPRA DEL PISTON CON OTRO PROVEEDOR PARA REFERENCIA",,1,oficina,1,"VIDAL GOMEZ ARTEAGA","Mantenimiento Herramientas"
98,40,"26-01-2021 15:54",900.00,144.00,0.00,0.00,1044.00,CONTADO,,"LIMPIEZA Y AJUSTE DE FRENOS TRASEROS ESTAQUITAS 2'011 LA CAMIONETA YA NO FRENABA Y SE HUNDIA HASTA EL FONDO EL PEDAL, INCLUYE MANO DE OBRA Y MATERIAL",2,oficina,0,"VIDAL GOMEZ ARTEAGA","Mantenimiento Eq Transporte"
99,40,"26-01-2021 16:23",2000,320.00,0.00,0.00,2320.00,CONTADO,,"REPARACION SISTEMA DE FRENADO CAMION INTERNACIONAL 2019, SE FABRICAN 2 PERNOS PARA Y SE REACONDICIONA "TORTUGA" DE FRENADO PARA NO COMPRARLA NUEVA OPTIMIZANDO GASTO, EL RESULTADO ES OPTIMO",1,oficina,1,"VIDAL GOMEZ ARTEAGA","Mantenimiento Eq Transporte"
100,40,"26-01-2021 16:31",7400,1184.00,0.00,0.00,8584.00,CONTADO,"REPARACION DE 11 FALLAS ELECTRICAS OCASIONADAS POR SENSORES DE OXIGENO DAÑADOS EN SITIO CHIHUAHUA VIAJE REALIZADO POR EDUARDO MUÑOZ MISMO QUE REPORTO LAS FALLAS, A SU REGRESO SE ENVIA A REPA",,2,oficina,0,"VIDAL GOMEZ ARTEAGA","Mantenimiento Eq Transporte"
101,107,"26-01-2021 16:53",100,,0.00,0.00,100,"un pago ",,"REEMBOLSO DE $100.00 ",0,"POP CDJUAREZ",0,"Nahum Castillo Altamirano","Gastos a Comprobar"
102,116,"26-01-2021 16:53",79297.73,12687.64,0.00,0.00,91985.37,"pago al 100%",N/A,"Oc para torre ",2,"El Ranchito",0,"COVALCO SA DE CV",Materiales
103,107,"26-01-2021 16:56",100,,0.00,0.00,100,"un pago ",,"REEMBOLSO DE $100.00 ",0,"POP CDJUAREZ",0,"Nahum Castillo Altamirano","Gastos a Comprobar"
104,57,"26-01-2021 16:56",50306.03,8048.96,0.00,0.00,58354.99,"pago 100%",N/A,"celosia para torre",2,"El Ranchito",0,"FERREACEROS LOBO (JOSUE RICARDO GOMEZ PAZ)",Materiales
105,57,"26-01-2021 16:58",42750.01,6840.00,0.00,0.00,49590.01,"pago 100%",N/A,"placa para torre",2,"El Ranchito",0,"FERREACEROS LOBO (JOSUE RICARDO GOMEZ PAZ)",Materiales
106,116,"26-01-2021 17:01",50721.41,8115.43,0.00,0.00,58836.84,"pago al 100%",N/A,"Oc para torre",2,"El Ranchito",0,"COVALCO SA DE CV",Materiales
107,57,"26-01-2021 17:03",42750.01,6840.00,0.00,0.00,49590.01,"pago al 100%",N/A,"placa para torre",2,"Urbana Morelos",0,"FERREACEROS LOBO (JOSUE RICARDO GOMEZ PAZ)",Materiales
108,116,"26-01-2021 17:06",50721.41,8115.43,0.00,0.00,58836.84,"pago 100%",N/A,"Oc para torre",2,"Urbana Morelos",0,"COVALCO SA DE CV",Materiales
109,57,"26-01-2021 17:08",47462.07,7593.93,0.00,0.00,55056.00,"pago al 100%",N/A,"perfiles para torre",2,"Urbana Morelos",0,"FERREACEROS LOBO (JOSUE RICARDO GOMEZ PAZ)",Materiales
110,39,"26-01-2021 17:10",1848.80,295.81,0.00,0.00,2144.61,contado,,"10 REDUCCION BUSHING 63MM A 38MM
10 REDUCCION BUSHING 63MM A 32MM",1,"Stock Almacen",1,"DISTRIBUIDORA SANTIAGO S.A DE C.V.",Materiales
111,116,"26-01-2021 17:11",51609.22,8257.48,0.00,0.00,59866.70,"pago al 100%",N/A,"Oc para torre",2,Cofradía,0,"COVALCO SA DE CV",Materiales
112,57,"26-01-2021 17:13",42750.01,6840.00,0.00,0.00,49590.01,"pago al 100%",N/A,"placa para torre",2,Cofradía,0,"FERREACEROS LOBO (JOSUE RICARDO GOMEZ PAZ)",Materiales
113,57,"26-01-2021 17:17",51423.29,8227.73,0.00,0.00,59651.02,"pago al 100%",N/A,"perfiles torre",2,Cofradía,0,"FERREACEROS LOBO (JOSUE RICARDO GOMEZ PAZ)",Materiales
114,116,"26-01-2021 17:22",57582.34,9213.17,0.00,0.00,66795.51,"pago al 100%",N/A,"Oc para torre",2,Hacienda,0,"COVALCO SA DE CV",Materiales
115,57,"26-01-2021 17:25",52866.38,8458.62,0.00,0.00,61325.00,"pago al 100%",N/A,"perfiles de torre",2,Hacienda,0,"FERREACEROS LOBO (JOSUE RICARDO GOMEZ PAZ)",Materiales
116,57,"26-01-2021 17:27",42750.01,6840.00,0.00,0.00,49590.01,"pago al 100%",N/A,"placa para torre",2,Hacienda,0,"FERREACEROS LOBO (JOSUE RICARDO GOMEZ PAZ)",Materiales
117,116,"26-01-2021 17:29",46404.67,7424.75,0.00,0.00,53829.42,"pago al 100%",N/A,"Oc para torre",2,Venecio,0,"COVALCO SA DE CV",Materiales
118,57,"26-01-2021 17:31",51665.53,8266.48,0.00,0.00,59932.01,"pago al 100%",N/A,"perfiles para torre",2,Venecio,0,"FERREACEROS LOBO (JOSUE RICARDO GOMEZ PAZ)",Materiales
119,57,"26-01-2021 17:33",42750.01,6840.00,0.00,0.00,49590.01,"pago al 100",N/A,"placa para torre",2,Venecio,0,"FERREACEROS LOBO (JOSUE RICARDO GOMEZ PAZ)",Materiales
120,116,"26-01-2021 17:37",44629.06,7140.65,0.00,0.00,51769.71,"pago al 100%",N/A,"Oc para torre",2,"La Palma",0,"COVALCO SA DE CV",Materiales
121,57,"26-01-2021 17:39",39718.96,6355.03,0.00,0.00,46073.99,"pago al 100%",N/A,"perfiles para torre",2,"La Palma",0,"FERREACEROS LOBO (JOSUE RICARDO GOMEZ PAZ)",Materiales
122,40,"26-01-2021 17:45",1800,288.00,0.00,0.00,2088.00,CONTADO,,"REPARACION DE POLIPASTO PRINCIPAL DAÑADO POR EXCESO DE CARGA, SE REEMBOBINO LA ARMADURA QUEMADA",1,oficina,1,"VIDAL GOMEZ ARTEAGA","Mantenimiento Herramientas"
123,14,"26-01-2021 18:11",2346,,,,2346,"COMPRA EN LINEA CON TD",,"BOL AVION LOS MOCHIS-CDMX JORGE CISNEROS 270121",2,"3412 Hermosillo",0,"YASMIN GARCIA GUZMAN (BBVA)","Boletos de Avión"
124,41,"27-01-2021 09:08",3055,488.80,0.00,0.00,3543.81,contado,"SITIO TORREON
SITIO LOS EJES"," 33 CABLE DE ACERO RETENIDA 1 X 7 "A" DE 3/8"
55 CABLE DE ACERO RETENIDA 1 X 7 "A" DE 3/8"",2,NULL,0,"PRODUCTOS DE CARGA SA DE CV",Materiales
126,107,"27-01-2021 09:18",100,,,,100,"rembolso ","corte caja chica","rembolso de 100",2,"POP CDJUAREZ",0,"Nahum Castillo Altamirano","Gastos a Comprobar"
127,116,"27-01-2021 09:22",51609.22,8257.48,0.00,0.00,59866.70,"Pago al 100%",N/A,"Oc para torre",2,Mitla,0,"COVALCO SA DE CV",Materiales
128,57,"27-01-2021 09:27",47654.31,7624.69,0.00,0.00,55279.00,"pago al 100%",N/A,"perfiles para torre",2,Mitla,0,"FERREACEROS LOBO (JOSUE RICARDO GOMEZ PAZ)",Materiales
129,57,"27-01-2021 09:29",42750.01,6840.00,0.00,0.00,49590.01,"pago al 100%",N/A,"placa para torre",2,Mitla,0,"FERREACEROS LOBO (JOSUE RICARDO GOMEZ PAZ)",Materiales
130,116,"27-01-2021 09:37",54473.47,8715.76,0.00,0.00,63189.23,"pago al 100%",N/A,"Oc para torre",2,"Francisco Carvajal / Tokio",0,"COVALCO SA DE CV",Materiales
131,57,"27-01-2021 09:50",53093.98,8495.04,0.00,0.00,61589.02,"pago al 100%",N/A,"perfiles para torre",2,"Francisco Carvajal / Tokio",0,"FERREACEROS LOBO (JOSUE RICARDO GOMEZ PAZ)",Materiales
132,57,"27-01-2021 09:52",13189.66,2110.35,0.00,0.00,15300.01,"pago al 100%",N/A,"placa para torre",2,"Francisco Carvajal / Tokio",0,"FERREACEROS LOBO (JOSUE RICARDO GOMEZ PAZ)",Materiales
133,14,"27-01-2021 10:02",2346,,,,2346,"COMPRA EN LINEA",,"VUELO LOS MOCHIS-CDMX JORGE CISNEROS 270121",1,"3412 Hermosillo",1,"YASMIN GARCIA GUZMAN (BBVA)","Boletos de Avión"
134,116,"27-01-2021 10:04",44629.06,7140.65,0.00,0.00,51769.71,"pago al 100%",N/A,"Oc para torre",2,"La Amistad",0,"COVALCO SA DE CV",Materiales
135,57,"27-01-2021 10:08",49401.71,7904.27,0.00,0.00,57305.98,"pago al 100%",N/A,"perfiles de torre",2,"La Amistad",0,"FERREACEROS LOBO (JOSUE RICARDO GOMEZ PAZ)",Materiales
136,57,"27-01-2021 10:15",13189.66,2110.35,0.00,0.00,15300.01,"pago al 100%",N/A,"perfiles para torre",2,"La Amistad",0,"FERREACEROS LOBO (JOSUE RICARDO GOMEZ PAZ)",Materiales
138,116,"27-01-2021 10:19",48945.79,7831.33,0.00,0.00,56777.12,"pago al 100%",N/A,"Oc para torre",2,"Ave del Paraíso",0,"COVALCO SA DE CV",Materiales
139,116,"27-01-2021 10:25",77522.11,12403.54,0.00,0.00,89925.65,"pago al 100%",N/A,"Oc para torre",2,"Diaz Ordaz",0,"COVALCO SA DE CV",Materiales
140,57,"27-01-2021 10:27",61322.43,9811.59,0.00,0.00,71134.02,"pago al 100%",N/A,"perfiles para torre",2,"Diaz Ordaz",0,"FERREACEROS LOBO (JOSUE RICARDO GOMEZ PAZ)",Materiales
141,57,"27-01-2021 10:30",13189.66,2110.35,0.00,0.00,15300.01,"pago al 100%",N/A,"placa para torre 7/8",2,Cofradía,0,"FERREACEROS LOBO (JOSUE RICARDO GOMEZ PAZ)",Materiales
142,42,"27-01-2021 11:36",4678.80,748.61,0.00,0.00,5427.41,contado,,,2,Torreon,0,"INFRA SA DE CV",Materiales
143,56,"27-01-2021 12:07",7500,1200.00,0.00,0.00,8700.00,"pago al 100%",N/A,"Prueba de verticalidad",1,Naranjos,1,"JOSE TOMAS FLORES BOTELLO","Pruebas de Verticalidad"
144,42,"27-01-2021 12:22",4678.80,748.61,0.00,0.00,5427.41,CONTADO,,"4 CARGAS TANQUES DIOXIDO, 100 CRISTALES CLAROS, TIZAS Y PORTA TIZAS",1,"Stock Almacen",1,"INFRA SA DE CV",Materiales
146,56,"27-01-2021 12:50",56500,9040.00,0.00,0.00,65540.00,"pago al 100%",N/A,"refuerzo en torre pendiente una ventana",1,"MOROLEON ",1,"JOSE TOMAS FLORES BOTELLO","Servicios Contables y Administrativos"
147,120,"27-01-2021 14:24",2000,,,,2000,"deposito al 100%",N/A,"orientacion de herrajes y reporte fotografico en torre (supervisor)",2,"Nueva Jerusalén",0,"ROSENDO ALEJANDRO BALLEZA GALLARDO","Servicios Contables y Administrativos"
149,41,"27-01-2021 15:14",1145.63,183.30,0.00,0.00,1328.93,contado,REFUERZO,"33 METROS CABLE ACERO 3/8",1,"Los Ejes",1,"PRODUCTOS DE CARGA SA DE CV",Materiales
150,107,"27-01-2021 15:32",0,,,,0,"NO CUMPLE CON POLITICAS ",,"CORTE DE CAJA ",2,"POP CDJUAREZ",0,"Nahum Castillo Altamirano","Gastos a Comprobar"
151,116,"27-01-2021 16:31",12406.13,1984.98,0.00,0.00,14391.11,"Contado / Precios sujetos a cambio por aumento en los materiales",,"1 OC de 3/4" para puertas y portones y 6 OC de 3" para soporte de techumbre de controlador de luces para 6 piezas.",1,"Stock Almacen",1,"COVALCO SA DE CV",Materiales
152,57,"27-01-2021 16:37",8879.31,1420.69,0.00,0.00,10300.00,"Contado / Precio sujetos a cambio sin previo aviso",,"2 placas de 4x8 de 1/4" para corazas de portones, puertas, puerta de medidores en nicho y jaladeras de registros",1,"Stock Almacen",1,"FERREACEROS LOBO (JOSUE RICARDO GOMEZ PAZ)",Materiales
153,57,"27-01-2021 16:49",123992.25,19838.76,0.00,0.00,143831.01,"Contado ",,"Material para 6 gabinetes de FO, 5 puertas, 5 portones, 12 techos para controlador de luces y 9 juegos de puertas para nicho eléctrico.",1,"Stock Almacen",1,"FERREACEROS LOBO (JOSUE RICARDO GOMEZ PAZ)",Materiales
154,6,"27-01-2021 16:55",15000,2400.00,0.00,0.00,17400.00,CONTADO,,"SERVICIOS CONTABLES Y ADMIN ENERO 2021",1,oficina,1,"ESTRATEGIA PARA ALCANZAR METAS Y DESARROLLAR ","Servicios Contables y Administrativos"
155,40,"27-01-2021 17:38",7400,1184.00,0.00,0.00,8584.00,contado,,"MANTENIMIENTO PREVENTIVO CAMION FORD F350 HEAVY DUTY PLACA NZ-1052A POR KILOMETRAJE RECORRIDO EN SITIOS
REPARACION DE SISTEMA ELECTRICO POR DAÑO EN SENSORES SUCEDIDO EN VIAJE A CIUDAD ACUÑA",1,oficina,1,"VIDAL GOMEZ ARTEAGA","Mantenimiento Eq Transporte"
156,58,"27-01-2021 17:55",935,,,,935,"sobre al 100%",N/A,"sobre por galvanizado de material",1,"Los Ejes",1,"GALVANIZADORA CAMENDO SA DE CV",Galvanizado
157,40,"27-01-2021 18:00",2700,432.00,0.00,0.00,3132.00,CONTADO,,"COMPRA DE 2 DISCOS DE FRENADO NUEVOS PARA HILUX GRIS MODELO 2016 PLACAS SS0303E SOLO REFACCIONES",1,oficina,1,"VIDAL GOMEZ ARTEAGA","Mantenimiento Eq Transporte"
158,40,"27-01-2021 18:03",2900,464.00,0.00,0.00,3364.00,CONTADO,,"BALATAS DELANTERAS Y TRASERAS PARA TOYOTA HILUX 2016 PLACA SS0303E INCLUYE MANO DE OBRA Y REFACCIONES (BALATAS)",1,oficina,1,"VIDAL GOMEZ ARTEAGA","Mantenimiento Eq Transporte"
159,40,"27-01-2021 18:10",3100,496.00,0.00,0.00,3596.00,CONTADO,,"MANTENIMIENTO MAYOR POR KILOMETRAJE PARA TOYOTA HILUX 2016 PLACA SS0303E SE ANEXA DETALLE",1,oficina,1,"VIDAL GOMEZ ARTEAGA","Mantenimiento Eq Transporte"
160,121,"27-01-2021 18:14",9493.79,1519.01,0.00,0.00,11012.80,CONTADO,"REAJUSTE POLIZA DE SEGUROS GNP COBERTURA DE USO PARA CARGA",,2,oficina,0,"GRUPO NACIONAL PROVINCIAL, S.A.B.","Polizas de Seguro"
161,41,"28-01-2021 10:15",1909.38,305.50,0.00,0.00,2214.88,contado,"55 mts cable 3/8 desnudo",,1,Torreon,1,"PRODUCTOS DE CARGA SA DE CV",Materiales
162,34,"28-01-2021 10:43",40593.10,6494.90,0.00,0.00,47088.00,CONTADO,,"ABONO A EFECTICARD COMBUSTIBLE",1,oficina,1,"EFECTIVALE S DE RL DE CV",Combustible
163,74,"28-01-2021 14:15",3760.76,601.72,0.00,0.00,4362.48,"pasar a facturacion",N/A,"tuercas para anclas",1,"Isla Chipre",0,"CLAVOS NACIONALES CN SA DE CV",Materiales
164,66,"28-01-2021 14:19",7000,,,,7000,"solicitud caja chica",N/A,"caja chica",1,"Los Soles",1,"KEVIN BRYAN BARRON VELAZQUEZ","Gastos a Comprobar"
165,41,"28-01-2021 14:23",937.33,149.97,0.00,0.00,1087.30,contado,,"27 MTS CABLE DESNUDO 3/8",1,"Guerrero Norte",1,"PRODUCTOS DE CARGA SA DE CV",Materiales
166,122,"28-01-2021 14:42",18000,2880.00,0.00,0.00,20880.00,contado,,"COMPRA DE UN TEODOLITO ELECTRICO SOUT ET-05",1,"Stock Almacen",1,"ALFA TOPOGRAFIA SA DE CV",Herramientas
167,58,"28-01-2021 15:59",325.6,52.10,0.00,0.00,377.70,"CONTADO A LA RECEPCION DE LA FACTURA",,"OT 67350",1,Naranjos,1,"GALVANIZADORA CAMENDO SA DE CV",Galvanizado
168,74,"28-01-2021 15:59",4180.82,668.93,0.00,0.00,4849.75,CREDITO,,"50 DISCO 2006 AUSTROMEX 4.5 CORTE DE METAL EASY
CUT AUSTROMEX
25 DISCO 568 PARA CORTE DE METAL AUSTROMEX
AUSTROMEX
8 MANDILES DE CARNAZA",1,"Stock Almacen",0,"CLAVOS NACIONALES CN SA DE CV",Materiales
170,40,"28-01-2021 16:04",900.00,144.00,0.00,0.00,1044.00,CONTADO,,"LIMIEZA Y AJUSTE DE FRENOS TRASEROS ESTAQUITAS 2011 PLACAS 974ZXY INCLUYE MANO DE OBRA Y REFACCIONES MENORES",1,oficina,1,"VIDAL GOMEZ ARTEAGA","Mantenimiento Eq Transporte"
171,74,"28-01-2021 16:36",51.17,8.19,0.00,0.00,59.36,"pasar a facturacion",N/A,"esparrago para taller de la raza",1,oficina,0,"CLAVOS NACIONALES CN SA DE CV",Materiales
172,40,"28-01-2021 16:41",3800,608.00,0.00,0.00,4408.00,CONTADO,"2 TALADROS ","REPARACION DE 2 TALADROS HILTI TE3ML, CAMBIO DE CARBONES Y REACONDICIONAMIENTO DE ARMADURA FUERA DE GARANTIA, EL COSTO DE CADA TALADRO NUEVO ES DE $10,963 COSTO REPARACION POR CADA UNO $1,90",1,"Stock Almacen",1,"VIDAL GOMEZ ARTEAGA","Mantenimiento Herramientas"
173,10,"28-01-2021 16:43",3889.84,622.37,0.00,0.00,4512.21,CONTADO,,"PAGO 1/2 POL 3190287842 HILUX 2013",1,oficina,1,"QUALITAS COMPAÑIA DE SEGUROS SA DE CV","Polizas de Seguro"
174,48,"28-01-2021 17:15",5355,856.80,0.00,0.00,6211.80,CONTADO,,"3 JUEGOS DE PARARAYOS COMPLETO  ",1,"Guerrero Norte",1,"ALEXIS BLADIMIR MESTIZO DIAZ",Materiales
175,74,"28-01-2021 17:27",17089.36,2734.30,0.00,0.00,19823.66,"facturar al 100%",N/A,"tornilleria para torre",2,"Diaz Ordaz",0,"CLAVOS NACIONALES CN SA DE CV",Materiales
177,75,"29-01-2021 09:20",8874.06,1419.85,0.00,0.00,10293.91,"pago al 100%",879772,"material para plancha y nicho asi como impermeabilizante ",1,Naranjos,1,"HOME DEPOT MEXICO S DE RL DE CV",Materiales
178,123,"29-01-2021 09:47",3500,560.00,0.00,0.00,4060.00,"pago al 100%",N/A,"varilla para nicho y plancha de equipos, el precio ya incluye iva",1,Naranjos,1,"FERRETERA GUZMAN (FRANCISCO GUZMAN REYNA)",Materiales
179,46,"29-01-2021 10:02",2354425245,376708039.20,0.00,0.00,2731133284.20,"pago al 100%",n/a,"varilla para nicho ",2,Naranjos,0,"GRUPO PLASMA AUTOMATION SA DE CV",Materiales
180,58,"29-01-2021 10:19",80,,,,80,"sobre al 100%",N/A,"sobre para omegas ",1,Torreon,1,"GALVANIZADORA CAMENDO SA DE CV","Servicios Contables y Administrativos"
181,107,"29-01-2021 11:33",66979.70,10716.75,0.00,0.00,77696.45,"pago de anticipo para material",N/A,"material para migracion",2,"POP CDJUAREZ",0,"Nahum Castillo Altamirano",Materiales
182,111,"29-01-2021 11:53",2948.43,,,,2948.43,"solicitud de caja chica",N/A,"caja chica",1,"Nueva Jerusalén",1,"PABLO VIDAL REYES BOLAÑOS  ","Gastos a Comprobar"
183,64,"29-01-2021 12:43",2889,,,,2889,"solicitud caja chica",N/A,"caja chica",1,Naranjos,1,"JOSE JUAN MAGAÑA MORALES","Gastos a Comprobar"
184,107,"29-01-2021 14:17",4000,640.00,0.00,0.00,4640.00,"deposito al 100%",N/A,"levantamiento de sitio ",1,Montealto,1,"Nahum Castillo Altamirano","Servicios Contables y Administrativos"
185,13,"29-01-2021 14:36",1521.7,,,,1521.7,"COMPRA EN LINEA",,"BOL AVION GUADALUPE MORAN CDMX-MTY",1,"Ciudad Acuña",1,"YASMIN GARCIA GUZMAN (SANTANDER)","Boletos de Avión"
186,83,"29-01-2021 14:39",6205.64,992.90,0.00,0.00,7198.54,"pago al 100%",N/A,inversor,1,"Ciudad Acuña",1,"LIDEC SOLUCIONES MAQUINARIA (REDISA)",Herramientas
187,13,"29-01-2021 14:40",1026,,,,1026,CONTADO,,"BOL AUTOBUS GUADALUPE MORAN MTY-CD ACUÑA ",1,"Ciudad Acuña",1,"YASMIN GARCIA GUZMAN (SANTANDER)","Boletos de Autobus"
188,126,"29-01-2021 15:19",5416.77,866.68,0.00,0.00,6283.45,"pago al 100%",N/A,"polipasto y garrucha",2,"Ciudad Acuña",0,"SUPER CENTRO COMERCIAL EL MIRADOR SA DE CV",Herramientas
191,120,"29-01-2021 15:32",2000,,,,2000,"deposito al 100%",N/A,"orientacion de herrajes y reporte de torre (supervisor)",1,"Nueva Jerusalén",1,"ROSENDO ALEJANDRO BALLEZA GALLARDO","Servicios Contables y Administrativos"
192,126,"29-01-2021 15:47",4024.29,321.94,0.00,0.00,4346.23,"pago al 100%",N/A,"garrucha y materiales para correccion de trabajo",2,"Ciudad Acuña",0,"SUPER CENTRO COMERCIAL EL MIRADOR SA DE CV",Herramientas
194,107,"29-01-2021 16:23",66979.70,,,,66979.70,"pago al 100%",N/A,"materiales para migracion",0,"POP CDJUAREZ",0,"Nahum Castillo Altamirano",Materiales
195,126,"29-01-2021 17:03",5818.02,465.44,0.00,0.00,6283.46,"pago al 100%",N/A,"herramienta para maniobras",0,"Ciudad Acuña",0,"SUPER CENTRO COMERCIAL EL MIRADOR SA DE CV",Herramientas
196,126,"29-01-2021 17:09",5818.02,465.44,0.00,0.00,6283.46,"pago al 100%",N/A,"herramienta para correcciones",0,"Ciudad Acuña",0,"SUPER CENTRO COMERCIAL EL MIRADOR SA DE CV",Herramientas
197,126,"29-01-2021 17:41",5818.02,465.44,0.00,0.00,6283.46,"pago al 100%",N/A,"herramienta para correcciones",1,"Ciudad Acuña",1,"SUPER CENTRO COMERCIAL EL MIRADOR SA DE CV",Materiales
198,10,"29-01-2021 19:24",3971.55,,,,3971.55,"Pago en ventanilla bancaria, vehículo a nombre de persona física",,"Pago 2/2 Póliza 3190264359 Estaquitas 2011",1,oficina,1,"QUALITAS COMPAÑIA DE SEGUROS SA DE CV","Polizas de Seguro"
199,40,"30-01-2021 09:39",900.00,144.00,0.00,0.00,1044.00,contado,"reproceso por subir mal el soporte documental","reparación frenos traseros estaquitas, mano de obra y refacciones menores ",2,oficina,0,"VIDAL GOMEZ ARTEAGA","Mantenimiento Eq Transporte"
200,40,"30-01-2021 10:38",3000,480.00,0.00,0.00,3480.00,contado,,"Mantenimiento mayor Hilux 2013 Placas NCZ7230 USADA POR JUANCARLOS HIDALGO",2,oficina,0,"VIDAL GOMEZ ARTEAGA","Mantenimiento Eq Transporte"
201,40,"30-01-2021 10:40",3100,496.00,0.00,0.00,3596.00,contado,," Mantenimiento mayor Hilux 2013 Placas NCZ7230 USADA POR JUANCARLOS HIDALGO",1,oficina,1,"VIDAL GOMEZ ARTEAGA","Mantenimiento Eq Transporte"
202,40,"30-01-2021 11:37",900.00,144.00,0.00,0.00,1044.00,CONTADO,,"REPARACION DE FRENOS TRASEROS ESTAQUITAS 2011 PLACAS 974ZXV INCLUYE MANO DE OBRA Y REFACCIONES MENORES",1,oficina,1,"VIDAL GOMEZ ARTEAGA","Mantenimiento Eq Transporte"
203,127,"02-02-2021 10:19",1040.36,166.46,0.00,0.00,1206.82,Contado,"PAGO EN DOLARES","02 CINTAS PARA SIERRA CINTA, COSTO UNITARIO EN DLLS 25.72 MAS IVA (TC 20.2248 DOF020221)",1,"Stock Almacen",1,"Sierras Cintas Alemanas SA",Materiales
204,128,"02-02-2021 11:35",1448.28,231.72,0.00,0.00,1680.00,"Pago de 12 grilletes para retenidas.",,,2,Naranjos,0,"JUAN CARLOS SANCHEZ RIVERA",Materiales
205,128,"02-02-2021 11:42",1448.28,231.72,0.00,0.00,1680.00,"Pago de 12 grilletes para retenidas.",,,1,Naranjos,1,"JUAN CARLOS SANCHEZ RIVERA",Materiales
206,111,"02-02-2021 12:05",4200,,,,4200,"un solo pago ",,,2,"Ciudad Acuña",0,"PABLO VIDAL REYES BOLAÑOS  ","Gastos a Comprobar"
207,111,"02-02-2021 12:34",4200,,,,4200,"UN PAGO ",,,1,"Ciudad Acuña",1,"PABLO VIDAL REYES BOLAÑOS  ","Gastos a Comprobar"
208,116,"02-02-2021 13:07",38051.33,6088.21,0.00,0.00,44139.54,Contado,,"35 OC de 2" para herraje de RF para 7 sitios y 2 OC de 4" para 8 soportes de herraje de RF.  ",1,"Stock Almacen",1,"COVALCO SA DE CV",Materiales
209,129,"02-02-2021 14:31",6996.73,1119.48,0.00,0.00,8116.21,contado,,"EPP PARA EMPLEADOS DE TALLER POLITECNICO DE ACUERDO A REQUERIMENTOS YA VALIDADOS POR CORREO ELECTRONICO",1,oficina,1,"DISTRIBUIDORA SAFETY DEPOT SA DE CV","EPP - Equipo de Protección Personal"
210,133,"02-02-2021 15:25",12411.73,1985.88,0.00,0.00,14397.61,contado,,"COMPRA DE INTERRUPTORES ABB PARA SITIOS DE COLLOS STOCK ALMACEN
04 INTERRUPTORES EASYTIKER 3X100 T6033/100 MARCA ABB

06 interruptor ABB 3X50  para montaje en riel din

06 interruptor A",2,"Stock Almacen",0,"AUTOMATIZACION CONTROL Y SERVICIO SA DE CV",Materiales
212,40,"02-02-2021 16:00",3100,496.00,0.00,0.00,3596.00,CONTADO,"Reproceso, no anexe archivo en solicitud pasada"," Mantenimiento mayor Hilux 2013 Placas NCZ7230 USADA POR JUAN CARLOS HIDALGO",2,oficina,0,"VIDAL GOMEZ ARTEAGA","Mantenimiento Eq Transporte"
213,58,"02-02-2021 16:27",5324,851.84,0.00,0.00,6175.84,"A LA RECEPCION DE LA FACTURA",,"OT 67328 S TORREON",1,Torreon,1,"GALVANIZADORA CAMENDO SA DE CV",Galvanizado
214,58,"02-02-2021 16:30",8668,1386.88,0.00,0.00,10054.88,"A LA RECEPCION DE LA FACTURA",,"OT 67388 LOS EJES",1,"Los Ejes",1,"GALVANIZADORA CAMENDO SA DE CV",Galvanizado
215,58,"02-02-2021 16:32",748,119.68,0.00,0.00,867.68,"A LA RECEPCION DE LA FACTURA",,"OT 67400 S TORREON",1,Torreon,1,"GALVANIZADORA CAMENDO SA DE CV",Galvanizado
216,57,"02-02-2021 16:40",30551.73,4888.28,0.00,0.00,35440.01,Contado,,"1 Placa de 1/4 para bases de equipos AT&T Y 4 placas de 3/8" para placas de herrajes de RF y MW ",0,"Stock Almacen",0,"FERREACEROS LOBO (JOSUE RICARDO GOMEZ PAZ)",Materiales
217,38,"02-02-2021 16:58",179765.20,28762.43,0.00,0.00,208527.63,contado,STOCK,"600 piezas de soldadura coldwell C115

40 Electrodos Inox  7/16

480 Camaras de conexión sencillas 

40 Barras de Aluminio 3612C",1,"Stock Almacen",1,"PARRES SA DE CV",Materiales
218,12,"02-02-2021 17:00",65000,10400.00,6500.00,6935.50,61966.71,CONTADO,,"RENTA TERRENO POLI FEBRERO 2021",1,oficina,1,"JOSE DANIEL PEREZ BADILLO","Arrendamiento Terreno"
219,39,"02-02-2021 17:07",3796.10,607.38,0.00,0.00,4403.48,CONTADO,,"85 metros cable condumex calibre 6
25 metros cable condumex calibre 8",2,Torreon,0,"DISTRIBUIDORA SANTIAGO S.A DE C.V.",Materiales
220,39,"02-02-2021 17:18",15629.29,2500.69,0.00,0.00,18129.98,contado,,"3 fusibles para interruptor de chuchillas
1 metro cable calibre 12
65 metros cable calibre 1/0
85 metros cable calibre 6
25 metros cable calibre 8
20 metros cable calibre  2
2 coples d",1,Bethel,1,"DISTRIBUIDORA SANTIAGO S.A DE C.V.",Materiales
221,39,"02-02-2021 17:21",3796.10,607.38,0.00,0.00,4403.48,contado,,"85 metros cable calibre 6
25 metros cable calibre 8",1,Torreon,1,"DISTRIBUIDORA SANTIAGO S.A DE C.V.",Materiales
222,133,"02-02-2021 17:27",52323.78,8371.80,0.00,0.00,60695.58,contado,,"COMPRA DE INTERRUPTORES ABB PARA SITIOS DE COLLOS STOCK ALMACEN 
20 INTERRUPTORES EASYTIKER 3X100 T6033/100 MARCA ABB

30 interruptor ABB 3X50  para montaje en riel din

10 interruptor ",1,"Stock Almacen",1,"AUTOMATIZACION CONTROL Y SERVICIO SA DE CV",Materiales
223,8,"02-02-2021 17:31",8729,1396.64,0.00,0.00,10125.64,CREDITO,,"FACTURA 48976 DEL 29-12-20",1,oficina,1,"SISTEMAS DE COMPUTO Y REDES INALAMBRICAS SA D",Papeleria
225,134,"02-02-2021 17:51",8275.92,1324.15,0.00,0.00,9600.07,Contado,,"8 rollos de metal desplegado para "tapanco" del almacen.",1,"Stock Almacen",1,"GRUPO FERRETERO PLIEGO ( JULIO CESAR PLATA GA",Materiales
226,57,"03-02-2021 10:10",23275.86,3724.14,0.00,0.00,27000.00,Contado,,"3 Rejilla Irving para complementar el material para fabricar 32 bases de equipos de AT&T.",1,"Stock Almacen",1,"FERREACEROS LOBO (JOSUE RICARDO GOMEZ PAZ)",Materiales
227,14,"03-02-2021 12:25",596.31,95.41,0.00,0.00,691.72,"viaje en autobús ",,"Jose Antonio Sánchez Ayala viaje en autobús Ciudad de México - Terminal Politécnico Eco Plus Regios
Saltillo - Terminal Saltillo Eco Plus Regios Salida 8:00pm-llegada 7:00",1,Naranjos,1,"YASMIN GARCIA GUZMAN (BBVA)","Boletos de Autobus"
228,38,"03-02-2021 12:39",5523,883.68,0.00,0.00,6406.68,contado,," 60 metros cable forrado de 3/8",1,Torreon,1,"PARRES SA DE CV",Materiales
229,38,"03-02-2021 13:00",4602.50,736.40,0.00,0.00,5338.90,CONTADO,,"50 METROS CABLE 3/8 FORRADO",1,Bethel,1,"PARRES SA DE CV",Materiales
230,33,"03-02-2021 14:15",3914.27,626.28,0.00,0.00,4540.55,CONTADO," 9101658967077"," 9101658967077",2,Apatzingan,0,"CHUBB FIANZAS MONTERREY, ASEGURADORA DE CAUCI","Fianzas PO"
231,35,"03-02-2021 17:38",8620.69,1379.31,0.00,0.00,10000.00,contado,,"ABONO A TARJETA TELEVIA",1,oficina,1,"OPERADORA CONCESIONARIA MEXIQUENSE (TELEVIA)","Saldo Televia"
232,75,"04-02-2021 09:49",2604.07,416.65,0.00,0.00,3020.72,"pago al 100%",879772," ",1,Naranjos,1,"HOME DEPOT MEXICO S DE RL DE CV",Materiales
233,14,"04-02-2021 10:58",1198,,,,1198,"pago al 100%",N/A,"boleto de autobus a Saltillo para Antonio Ayala",1,Naranjos,1,"YASMIN GARCIA GUZMAN (BBVA)","Boletos de Autobus"
234,56,"04-02-2021 11:23",1996,319.36,0.00,0.00,2315.36,"pago al 100%",N/A,"traslado de puebla a san luis",1,"Los Ejes",1,"JOSE TOMAS FLORES BOTELLO","Traslado Torreros"
235,56,"04-02-2021 11:27",3436.1,549.78,0.00,0.00,3985.88,"pago al 100%",N/A,"traslado de puebla a saltillo",1,Naranjos,1,"JOSE TOMAS FLORES BOTELLO","Traslado Torreros"
236,57,"04-02-2021 12:02",114116.37,18258.62,0.00,0.00,132374.99,Contado,,"Material para 32 bases de equipos, complemento para fabricar 13 herrajes de MW, complemento para fabricar 29 herrajes de RF, material para 3 nichos y material para 35 camas guias",1,"Stock Almacen",1,"FERREACEROS LOBO (JOSUE RICARDO GOMEZ PAZ)",Materiales
237,70,"04-02-2021 12:11",2858.39,,,,2858.39,"solicitud caja chica",N/A,"caja chica",3,Naranjos,0,"GUILLERMO ARREOLA BARRERA","Gastos a Comprobar"
238,70,"04-02-2021 12:14",7000,,,,7000,"Solicitud caja chica",N/A,"caja chica",2,Naranjos,0,"GUILLERMO ARREOLA BARRERA","Gastos a Comprobar"
239,135,"04-02-2021 12:50",1105.9,176.94,0.00,0.00,1282.84,"Pago al 100%",,,1,Naranjos,1,"COEL SALTILLO",Materiales
240,136,"04-02-2021 14:22",3500,560.00,0.00,0.00,4060.00,"pago al 100%",N/A,"verticalidad puebla",1,"AMOZOC NORTE",1,"IRMA PETLACHI QUINTERO","Pruebas de Verticalidad"
241,64,"04-02-2021 15:08",1000,,,,1000,"pago al 100%",N/A,"dar en efectivo a Antonio Ayala por si requiere documentar",2,Naranjos,0,"JOSE JUAN MAGAÑA MORALES","Gastos a Comprobar"
242,57,"04-02-2021 16:53",39718.96,6355.03,0.00,0.00,46073.99,"pago al 100%",N/A,"celosía para torre",1,"La Palma",1,"FERREACEROS LOBO (JOSUE RICARDO GOMEZ PAZ)",Materiales
243,116,"04-02-2021 16:59",48795.14,7807.22,0.00,0.00,56602.36,"pago al 100%",N/A,"Oc para torre",1,"La Palma",1,"COVALCO SA DE CV",Materiales
244,74,"04-02-2021 17:27",725.64,116.10,0.00,0.00,841.74,"pasar a facturacion",N/A,"tornilleria para refuerzo",1,"Loma Linda",0,"CLAVOS NACIONALES CN SA DE CV",Materiales
245,58,"04-02-2021 17:37",3540,,,,3540,sobre,N/A,"sobre por material",1,Taxco,1,"GALVANIZADORA CAMENDO SA DE CV",Galvanizado
246,56,"04-02-2021 17:55",4022.8,643.65,0.00,0.00,4666.45,"pago al 100%",N/A,"traslado de puebla a torreon",1,Torreon,1,"JOSE TOMAS FLORES BOTELLO","Traslado Torreros"
247,70,"05-02-2021 08:56",7000,,,,7000,"un solo pago ",,,1,Naranjos,1,"GUILLERMO ARREOLA BARRERA","Gastos a Comprobar"
248,38,"05-02-2021 10:17",90,14.40,0.00,0.00,104.40,contado,"ENVIO COMPLEMENTARIO A SITIO SOLICITADO POR PEDRO TOVAR"," Sado identificador  # 178735",1,Naranjos,1,"PARRES SA DE CV",Materiales
249,34,"05-02-2021 11:04",40593.10,6494.90,0.00,0.00,47088.00,Contado,,"ABONO A TARJETA EFECTIVALE PARA COMBUSTIBLE USO INTERNO",1,oficina,1,"EFECTIVALE S DE RL DE CV",Combustible
250,116,"05-02-2021 11:34",10819.84,1731.17,0.00,0.00,12551.01,"pago al 100%",N/A,"Oc para incremento ",1,"Loma Linda",1,"COVALCO SA DE CV",Materiales
251,66,"05-02-2021 12:20",7000,,,,7000,"solicitud de caja chica",N/A,"gastos a comprobar",1,Torreon,1,"KEVIN BRYAN BARRON VELAZQUEZ","Gastos a Comprobar"
252,57,"05-02-2021 12:30",2055.17,328.83,0.00,0.00,2384.00,"pago al 100%",N/A,"material para step bolts",1,"Loma Linda",1,"FERREACEROS LOBO (JOSUE RICARDO GOMEZ PAZ)",Materiales
253,56,"05-02-2021 12:59",29500,4720.00,0.00,0.00,34220.00,"pago al 100%",N/A,"montaje de refuerzo",1,Torreon,1,"JOSE TOMAS FLORES BOTELLO",Subcontrato
254,56,"05-02-2021 13:01",37500,6000.00,0.00,0.00,43500.00,"pago al 100%",N/A,"montaje de torre",1,Naranjos,1,"JOSE TOMAS FLORES BOTELLO",Subcontrato
255,56,"05-02-2021 13:04",28000,4480.00,0.00,0.00,32480.00,"pago al 100%",N/A,"colocacion incremento ",1,"Los Ejes",1,"JOSE TOMAS FLORES BOTELLO",Subcontrato
256,65,"05-02-2021 13:06",5281,,,,5281,"Solicitud caja chica",N/A,"gastos a comprobar",1,"El Fuerte",1,"JUAN CARLOS HIDALGO TREJO","Gastos a Comprobar"
258,39,"05-02-2021 15:00",22721.51,3635.44,0.00,0.00,26356.95,contado,"COMPRA SOLICITADA DE URGENCIA","MATERIAL ELECTRICO COLLOS",1,"Desarrollo Oriente",1,"DISTRIBUIDORA SANTIAGO S.A DE C.V.",Materiales
259,111,"05-02-2021 16:52",1813.7,,,,1813.7,"solicitud caja chica",N/A,"gastos a comprobar",1,"Ciudad Acuña",1,"PABLO VIDAL REYES BOLAÑOS  ","Gastos a Comprobar"
260,111,"08-02-2021 10:22",3103,,,,3103,"solicitud caja chica",N/A,"caja chica",2,"Ciudad Acuña",0,"PABLO VIDAL REYES BOLAÑOS  ","Gastos a Comprobar"
261,66,"08-02-2021 10:39",2535.89,,,,2535.89,"solicitud de caja chica",N/A,"gastos a comprobar ",0,Torreon,0,"KEVIN BRYAN BARRON VELAZQUEZ","Gastos a Comprobar"
262,66,"08-02-2021 11:32",3797.04,,,,3797.04,"solicitud caja chica",N/A,"gastos a comprobar",1,Torreon,1,"KEVIN BRYAN BARRON VELAZQUEZ","Gastos a Comprobar"
263,70,"08-02-2021 12:32",7000,,,,7000,"solicitud caja chica",N/A,"gastos a comprobar",1,Naranjos,1,"GUILLERMO ARREOLA BARRERA","Gastos a Comprobar"
264,111,"08-02-2021 13:22",3103.00,,,,3103.00,"un solo pago ",,,1,"Ciudad Acuña",1,"PABLO VIDAL REYES BOLAÑOS  ","Gastos a Comprobar"
265,14,"08-02-2021 14:09",1531.5,,,,1531.5,"pago al 100%",N/A,"boleto de autobus hacia gomez palacio",1,Sapyoriz,1,"YASMIN GARCIA GUZMAN (BBVA)","Boletos de Autobus"
266,57,"08-02-2021 17:12",18526.73,2964.28,0.00,0.00,21491.01,Contado,," Solera de 1/4 para 32 bases de equipos AT&T Y solera de 3/8" para placas de herrajes de RF y MW",0,"Stock Almacen",0,"FERREACEROS LOBO (JOSUE RICARDO GOMEZ PAZ)",Materiales
267,63,"08-02-2021 17:22",7000,,,,7000,"solicitud caja chica",N/A,"gastos a comprobar",1,"Isla Chipre",1,"JORGE CISNEROS GARCIA","Gastos a Comprobar"
268,58,"09-02-2021 10:14",4375,,,,4375,"sobre por galvanizado",N/A,"Torre nueva",1,"Isla Chipre",1,"GALVANIZADORA CAMENDO SA DE CV",Galvanizado
270,64,"09-02-2021 11:04",3202.15,,,,3202.15,"Solicitud caja chica",N/A,"gastos a comprobar",1,Naranjos,1,"JOSE JUAN MAGAÑA MORALES","Gastos a Comprobar"
271,56,"09-02-2021 11:23",4869.4,779.10,0.00,0.00,5648.50,"pago al 100%",N/A,"traslado de puebla a coahuila",1,"Ciudad Acuña",1,"JOSE TOMAS FLORES BOTELLO","Traslado Torreros"
273,137,"09-02-2021 11:54",1732.18,277.15,0.00,0.00,2009.33,"pago al 100%",N/A,"cable de centro de cargas a baterias",1,Torreon,1,"SUMINISTROS ELECTRICOS LAGUNA S.A DE C.V.",Materiales
274,75,"09-02-2021 12:57",2400.72,384.12,0.00,0.00,2784.84,"pago al 100%",879772,"material para pintar desnivel existente en cadena de cerramiento",1,Naranjos,1,"HOME DEPOT MEXICO S DE RL DE CV",Materiales
275,40,"09-02-2021 15:12",2802.59,448.41,0.00,0.00,3251.00,CONTADO,,"COMPRA DE PEINES DE 2 1/2" PARA TARRAJA, REEMBOLSO DE PAGO EN FERRECSA ",1,oficina,1,"VIDAL GOMEZ ARTEAGA",Materiales
276,62,"09-02-2021 15:48",7000,,,,7000,"solicitud caja chica",N/A,"gastos a comprobar",1,"929 Queretaro",1,"EDGAR IVAN REGALADO PALACIOS","Gastos a Comprobar"
277,39,"09-02-2021 15:50",15830.02,2532.80,0.00,0.00,18362.82,CONTADO,,"MATERIAL ELECTRICO COLLOS ",1,"Isla Chipre",1,"DISTRIBUIDORA SANTIAGO S.A DE C.V.",Materiales
278,58,"09-02-2021 16:09",32076,5132.16,0.00,0.00,37208.16,"CONTADO A LA RECEPCION DE LA FACTURA",,"OT 67445 S TAXCO",1,Taxco,1,"GALVANIZADORA CAMENDO SA DE CV",Galvanizado
279,74,"09-02-2021 18:09",9233.02,1477.28,0.00,0.00,10710.30,"pasar a facturacion",N/A,"anclas y tuercas",1,"Isla Chipre",0,"CLAVOS NACIONALES CN SA DE CV",Materiales
281,70,"10-02-2021 12:43",5318,,,,5318,"solicitud caja chica",N/A,"gastos a comprobar",1,Naranjos,1,"GUILLERMO ARREOLA BARRERA","Gastos a Comprobar"
283,38,"10-02-2021 15:19",5528,884.48,0.00,0.00,6412.48,CONTADO,,"40 METROS CABLE 7/16 FORRADO
DADO IDENTIFICADOR",1,"Loma Linda",1,"PARRES SA DE CV",Materiales
284,38,"10-02-2021 15:22",5438,870.08,0.00,0.00,6308.08,CONTADO,,"40 METROS CABLE FORRADO 7/16",1,"Isla Chipre",1,"PARRES SA DE CV",Materiales
285,40,"10-02-2021 16:14",4027.77,644.44,0.00,0.00,4672.21,contado,"PRECIO ACTUAL DEL T-200 $45,144.00 ES SU SEGUNDA REPARACION","PAGO POR REPARACION DE T-2000 REALIZADO EN HILTI MEXICO",1,oficina,1,"VIDAL GOMEZ ARTEAGA",Herramientas
286,116,"10-02-2021 16:57",58976.20,9436.19,0.00,0.00,68412.39,"pago al 100%",N/A,"hacer el pago por la cantidad de 66115.78 ya que se tiene un saldo a favor",1,"Francisco Carvajal / Tokio",1,"COVALCO SA DE CV",Materiales
287,116,"10-02-2021 17:00",49285.55,7885.69,0.00,0.00,57171.24,"pago al 100%",N/A,"Oc para torre",1,Venecio,1,"COVALCO SA DE CV",Materiales
289,57,"10-02-2021 18:03",52898.28,8463.72,0.00,0.00,61362.00,"pago al 100%",N/A,"celosia para torre",1,Venecio,1,"FERREACEROS LOBO (JOSUE RICARDO GOMEZ PAZ)",Materiales
290,57,"10-02-2021 18:07",64982.77,10397.24,0.00,0.00,75380.01,"pago al 100%",N/A,"celosia para torre",1,"Francisco Carvajal / Tokio",1,"FERREACEROS LOBO (JOSUE RICARDO GOMEZ PAZ)",Materiales
291,74,"10-02-2021 18:09",1119.03,179.04,0.00,0.00,1298.07,"pasar a facturacion",N/A,"material para anclas",1,"Guerrero Norte",0,"CLAVOS NACIONALES CN SA DE CV",Materiales
292,74,"10-02-2021 18:12",10424.03,1667.84,0.00,0.00,12091.87,"pasar a facturacion",N/A,"matarial para anclas",1,"Francisco Carvajal / Tokio",0,"CLAVOS NACIONALES CN SA DE CV",Materiales
293,74,"10-02-2021 18:18",9656.04,1544.97,0.00,0.00,11201.01,"pasar a facturacion",N/A,"anclas para torre",1,Venecio,0,"CLAVOS NACIONALES CN SA DE CV",Materiales
294,74,"10-02-2021 18:22",7242.03,1158.72,0.00,0.00,8400.75,"pasar a facturacion",N/A,"anclas para torre",1,"La Palma",0,"CLAVOS NACIONALES CN SA DE CV",Materiales
295,74,"10-02-2021 18:28",1356.34,217.01,0.00,0.00,1573.35,"pasar a facturacion",N/A,"tornilleria de torre",1,"Guerrero Norte",0,"CLAVOS NACIONALES CN SA DE CV",Materiales
296,58,"10-02-2021 18:40",535,,,,535,"sobre por galvanizado ",N/A,"refuerzo galvanizado",1,"Loma Linda",1,"GALVANIZADORA CAMENDO SA DE CV",Galvanizado
297,62,"11-02-2021 10:04",7200,,,,7200,"deposito a Ivan",N/A,"boletos para 4 personas rumbo a torreon, gastos a comprobar de Edgar Ivan ",2,"La Palma",0,"EDGAR IVAN REGALADO PALACIOS","Boletos de Autobus"
298,39,"11-02-2021 11:01",14817.15,2370.74,0.00,0.00,17187.89,CONTADO,"SE ENVIARA POR PAQUETERIA A SITIO"," MATERIAL ELECTRICO REPOSICION SITIO VANDALIZADO",2,"Stock Almacen",0,"DISTRIBUIDORA SANTIAGO S.A DE C.V.",Materiales
299,66,"11-02-2021 11:59",3500.92,,,,3500.92,"solicitud de caja chica",N/A,"gastos a comprobar",1,"Desarrollo Oriente",1,"KEVIN BRYAN BARRON VELAZQUEZ","Gastos a Comprobar"
300,57,"11-02-2021 12:21",29793.11,4766.90,0.00,0.00,34560.01,"pago al 100%",N/A,"placa para torre",1,Venecio,1,"FERREACEROS LOBO (JOSUE RICARDO GOMEZ PAZ)",Materiales
301,41,"11-02-2021 12:23",1041.48,166.64,0.00,0.00,1208.12,CONTADO,,"CABLE DE ACERO RETENIDA 1 X 7 "A" DE 3/8"",1,"Loma Linda",1,"PRODUCTOS DE CARGA SA DE CV",Materiales
302,57,"11-02-2021 12:23",29793.11,4766.90,0.00,0.00,34560.01,"pago al 100%",N/A,"placa para torre",1,"Francisco Carvajal / Tokio",1,"FERREACEROS LOBO (JOSUE RICARDO GOMEZ PAZ)",Materiales
303,41,"11-02-2021 12:25",1388.64,222.18,0.00,0.00,1610.82,CONTADO,,"40 METROS CABLE DE ACERO RETENIDA 1 X 7 "A" DE 3/8"",1,"Isla Chipre",1,"PRODUCTOS DE CARGA SA DE CV",Materiales
304,57,"11-02-2021 12:26",137629.31,22020.69,0.00,0.00,159650.00,"pago al 100%",N/A,"placa de sitios tokyo, venecio y la palma",1,"Stock Almacen",1,"FERREACEROS LOBO (JOSUE RICARDO GOMEZ PAZ)",Materiales
305,74,"11-02-2021 12:38",12065.61,1930.50,0.00,0.00,13996.11,"pasar a facturacion",N/A,"tornilleria para torre",1,"Francisco Carvajal / Tokio",0,"CLAVOS NACIONALES CN SA DE CV",Materiales
306,74,"11-02-2021 12:40",13173.28,2107.72,0.00,0.00,15281.00,"pasar a facturacion",N/A,"tornilleria para torre",1,Venecio,0,"CLAVOS NACIONALES CN SA DE CV",Materiales
307,40,"11-02-2021 12:56",3600,576.00,0.00,0.00,4176.00,CONTADO,,"SERVICIO Toyota Hilux Blanca PLACAS U45BBL ",2,oficina,0,"VIDAL GOMEZ ARTEAGA","Mantenimiento Eq Transporte"
308,40,"11-02-2021 12:59",3600,576.00,0.00,0.00,4176.00,CONTADO,,"SERVICIO Toyota Hilux Blanca PLACAS U45BBL ",1,oficina,1,"VIDAL GOMEZ ARTEAGA","Mantenimiento Eq Transporte"
309,35,"11-02-2021 13:23",8620.69,1379.31,0.00,0.00,10000.00,Contado,,"ABONO DE SALDO A TELEVIA",1,oficina,1,"OPERADORA CONCESIONARIA MEXIQUENSE (TELEVIA)","Saldo Televia"
311,40,"11-02-2021 13:32",3600,576.00,0.00,0.00,4176.00,Contado,,"SERVICIO TOYOTA HILUX PLACAS W97BED REGRESO DE CHIHUAHUA",1,oficina,1,"VIDAL GOMEZ ARTEAGA","Mantenimiento Eq Transporte"
312,44,"11-02-2021 13:37",2186.21,349.79,0.00,0.00,2536.00,CONTADO,"MATERIAL DE COMEX PARA TALLER","2 GALONES REMOVEDOR DE PINTURA, 4 GALONES DE THINER, 4 AEROCOMEX ALUMINIO, 8 AEROCOMEX COLORES FUERTES PARA MARCADO DE SITIOS",1,oficina,1,"PROVEEDORA DE MAT ESPECIALIZADOS GSJ SA DE CV",Materiales
313,39,"11-02-2021 13:40",15175.35,2428.06,0.00,0.00,17603.41,CONTADO,"SE ENVIARA POR PAQUETERIA A SITIO","REPOSICION DE MATERIAL ELECTRICO PARA SITIO DESARROLLO ORIENTE VANDALIZADO",1,"Desarrollo Oriente",1,"DISTRIBUIDORA SANTIAGO S.A DE C.V.",Materiales
319,62,"11-02-2021 15:29",7200,7200,,,7200,deposito,N/A,"gastos a comprobar boletos de autobus  de cdmx a torreon",2,"La Palma",0,"EDGAR IVAN REGALADO PALACIOS","Gastos a Comprobar"
321,65,"11-02-2021 17:54",3728,,,,3728,"Solicitud caja chica",N/A,"gastos a comprobar",1,Sapyoriz,1,"JUAN CARLOS HIDALGO TREJO","Gastos a Comprobar"
322,56,"12-02-2021 13:01",45000,7200.00,0.00,0.00,52200.00,"pago al 100%",N/A,"pago por ventanas de mantenimiento ",1,"Ciudad Acuña",1,"JOSE TOMAS FLORES BOTELLO","Servicios Contables y Administrativos"
323,38,"12-02-2021 14:27",90,14.40,0.00,0.00,104.40,CONTADO,"DADO IDENTIFICADOR SITIO NARANJOS","DADO IDENTIFICADOR SITIO NARANJOS",1,Naranjos,1,"PARRES SA DE CV",Materiales
324,34,"12-02-2021 15:34",40593.10,6494.90,0.00,0.00,47088.00,"CONTADO
",,"ABONO A TARJETA EFECTICARD COMBUSTIBLE",1,oficina,1,"EFECTIVALE S DE RL DE CV",Combustible
325,62,"12-02-2021 16:08",7200,,,,7200,"UN SOLO PAGO ",,"gastos a comprobar se anexa información de su corte de caja chica  el día 25 de Enero ",1,"La Palma",1,"EDGAR IVAN REGALADO PALACIOS","Gastos a Comprobar"
326,74,"12-02-2021 16:28",7265.02,1162.40,0.00,0.00,8427.42,"pasar a facturacion",N/A,"tornilleria para torre 1",1,"La Palma",0,"CLAVOS NACIONALES CN SA DE CV",Materiales
327,74,"12-02-2021 16:30",2560.46,409.67,0.00,0.00,2970.13,"pasar a facturacion",N/A,"tornilleria para torre complemento",1,"La Palma",0,"CLAVOS NACIONALES CN SA DE CV",Materiales
328,57,"12-02-2021 17:22",42026.72,6724.28,0.00,0.00,48751.00,"pago al 100%",N/A,"oc para malla",2,"Guerrero Norte",0,"FERREACEROS LOBO (JOSUE RICARDO GOMEZ PAZ)",Materiales
329,58,"12-02-2021 17:28",75,,,,75,"sobre por galvanizado",N/A,"galvanizado de anclas y escantillon",1,"La Palma",1,"GALVANIZADORA CAMENDO SA DE CV",Galvanizado
330,58,"12-02-2021 17:52",2875,,,,0,Efectivo,,"Pago de "sobre".",2,"Stock Almacen",0,"GALVANIZADORA CAMENDO SA DE CV",Galvanizado
331,58,"12-02-2021 17:57",2875,,,,2875,Efectivo,,"Pago de "sobre".",1,"Stock Almacen",1,"GALVANIZADORA CAMENDO SA DE CV",Galvanizado
332,57,"13-02-2021 10:09",38726.72,6196.28,0.00,0.00,44923.00,"pago al 100%",N/A,"tuberia para malla ",2,"Guerrero Norte",0,"FERREACEROS LOBO (JOSUE RICARDO GOMEZ PAZ)",Materiales
333,57,"13-02-2021 10:58",25161.21,4025.79,0.00,0.00,29187.00,"pago al 100%",N/A,"oc para malla",2,"Guerrero Norte",0,"FERREACEROS LOBO (JOSUE RICARDO GOMEZ PAZ)",Materiales
334,58,"13-02-2021 12:25",70,,,,70,"sobre por galvanizado",N/A,anclas,1,Venecio,1,"GALVANIZADORA CAMENDO SA DE CV",Galvanizado
335,74,"15-02-2021 09:22",3182,509.12,0.00,0.00,3691.12,"pasar a facturacion",N/A,"accesorios apra anclas",1,"La Palma",0,"CLAVOS NACIONALES CN SA DE CV",Materiales
337,57,"15-02-2021 10:38",10493.96,1679.03,0.00,0.00,12172.99,"pago al 100%",N/A,"angulo faltante para fabricacion de torre",1,"La Palma",1,"FERREACEROS LOBO (JOSUE RICARDO GOMEZ PAZ)",Materiales
338,57,"15-02-2021 11:06",21261.21,3401.79,0.00,0.00,24663.00,"pago al 100%",N/A,"material para malla ciclonina",1,"Guerrero Norte",1,"FERREACEROS LOBO (JOSUE RICARDO GOMEZ PAZ)",Materiales
339,14,"15-02-2021 11:51",4816,,,,4816,"pago al 100%",N/A,"1 boleto para Don Luis vicente sale de la cdmx a cd juarez en el viaje de las 5 de la tarde, 1 boleto para Don Luis vicente sale de la cdmx a cd juarez en el viaje de las 5 de la tarde, 1 bo",1,"Isla Chipre",1,"YASMIN GARCIA GUZMAN (BBVA)","Boletos de Autobus"
340,56,"15-02-2021 14:18",8514.4,1362.30,0.00,0.00,9876.70,"pago al 100%",N/A,"traslado de puebla a guaymas, sonora",1,"Loma Linda",1,"JOSE TOMAS FLORES BOTELLO","Traslado Torreros"
341,111,"15-02-2021 14:22",5041.64,,,,5041.64,"solicitud de caja chica",N/A,"gastos a comprobar",1,"La Palma",1,"PABLO VIDAL REYES BOLAÑOS  ","Gastos a Comprobar"
344,4,"15-02-2021 18:38",55000,8800.00,5500.00,5868.50,52433.37,CONTADO,,"RENTA TERRENO LA RAZA FEBRERO 2021",1,oficina,1,"Consuelo Maria Beatriz Petrides Tinajero","Arrendamiento Terreno"
345,58,"15-02-2021 18:53",445,,,,445,Efectivo,,"Pago de "sobre".",2,"Stock Almacen",0,"GALVANIZADORA CAMENDO SA DE CV",Galvanizado
346,58,"15-02-2021 18:55",445,,,,445,Efectivo,,"Pago de "sobre".",1,"Stock Almacen",1,"GALVANIZADORA CAMENDO SA DE CV",Galvanizado
347,42,"16-02-2021 10:19",12521.20,2003.39,0.00,0.00,14524.59,CONTADO,,"MATERIAL PARA STOCK SOLDADURA, 4 MEZCLA DE GASES PARA SOLDAR, GUANTES DE SOLDADOR, LENTES DE PROTECCION. 10 CAJAS DE SOLDADURA",1,"Stock Almacen",1,"INFRA SA DE CV",Materiales
348,65,"16-02-2021 10:22",4275.72,,,,4275.72,"solicitud de caja chica",N/A,"gastos a comprobar",1,"DEL VALLE",1,"JUAN CARLOS HIDALGO TREJO","Gastos a Comprobar"
349,44,"16-02-2021 10:25",2464.66,394.35,0.00,0.00,2859.01,CONTADO,"REMOVEDOR DE PINTURA","2 GALONES DE REMOVEDOR DE PINTURA
26 SPRAY AEROCOMEX ALUMINIO",1,"Stock Almacen",1,"PROVEEDORA DE MAT ESPECIALIZADOS GSJ SA DE CV",Materiales
351,74,"16-02-2021 11:32",499.35,79.90,0.00,0.00,579.25,CREDITO,,"50 DISCOS DE CORTE DE 4"",1,"Stock Almacen",0,"CLAVOS NACIONALES CN SA DE CV",Materiales
352,75,"16-02-2021 11:53",67042.95,5363.44,0.00,0.00,72406.39,"pago al 100%",872349,"material para muros",1,"Isla Chipre",1,"HOME DEPOT MEXICO S DE RL DE CV",Materiales
353,63,"16-02-2021 11:55",3697.35,,,,3697.35,"solicitud caja chica",N/A,"gastos a comprobar",1,"Isla Chipre",1,"JORGE CISNEROS GARCIA","Gastos a Comprobar"
356,41,"16-02-2021 12:38",2365.04,378.41,0.00,0.00,2743.45,CONTADO,"41 METROS CABLE DE 1/2 SITIO ISLA CHIPRE",,1,"Isla Chipre",1,"PRODUCTOS DE CARGA SA DE CV",Materiales
357,41,"16-02-2021 12:43",3461.04,553.77,0.00,0.00,4014.81,CONTADO," SITIO LA PALMA","60 METROS CABLE DE ACERO RETENIDA 1 X 7 "A" DE 1/2"",1,"La Palma",1,"PRODUCTOS DE CARGA SA DE CV",Materiales
358,62,"16-02-2021 15:01",4896.45,,,,4896.45,"solicitud de caja chica",N/A,"gastos a comprobar",1,"La Palma",1,"EDGAR IVAN REGALADO PALACIOS","Gastos a Comprobar"
359,66,"16-02-2021 15:19",6454.65,,,,6454.65,"solicitud caja chica",N/A,"gastos a comprobar",1,Bethel,1,"KEVIN BRYAN BARRON VELAZQUEZ","Gastos a Comprobar"
362,38,"16-02-2021 16:29",6443.50,1030.96,0.00,0.00,7474.46,CONTADO,,"40 metros de cable de acero forrado 3/8

30 metros de cable  de acero forrado 3/8",1,"La Palma",1,"PARRES SA DE CV",Materiales
363,38,"16-02-2021 16:32",10125.50,1620.08,0.00,0.00,11745.58,CONTADO,,"50 metros de cable de acero forrado 3/8

60 metros de cable  de acero forrado 3/8",1,"Isla Chipre",1,"PARRES SA DE CV",Materiales
365,57,"16-02-2021 17:15",18344.83,2935.17,0.00,0.00,21280.00,"pago al 100%",N/A,"perfil faltante de torre por cambio en ingeneria",1,Venecio,1,"FERREACEROS LOBO (JOSUE RICARDO GOMEZ PAZ)",Materiales
367,33,"16-02-2021 17:48","3,914.27",0.48,0.00,0.00,4540.55,CONTADO," 9101658967077","FIANZA APATZINGAN",2,Apatzingan,0,"CHUBB FIANZAS MONTERREY, ASEGURADORA DE CAUCI","Fianzas PO"
368,33,"16-02-2021 18:26",3914.27,626.28,0.00,0.00,4540.55,CONTADO,9101658967077,"FIANZA APATZINGAN",1,Apatzingan,1,"CHUBB FIANZAS MONTERREY, ASEGURADORA DE CAUCI","Fianzas PO"
369,111,"17-02-2021 10:44",4981.93,,,,4981.93,"solicitud de caja chica",N/A,"gastos a comprobar",1,"La Palma",1,"PABLO VIDAL REYES BOLAÑOS  ","Gastos a Comprobar"
372,75,"17-02-2021 11:07",16400.91,2624.15,0.00,0.00,19025.06,"pago al 100%",870314,"recoje Guillermo arreola en monterrey",1,"Guerrero Norte",1,"HOME DEPOT MEXICO S DE RL DE CV",Materiales
374,75,"17-02-2021 11:56",17958.30,2873.33,0.00,0.00,20831.63,"pago al 100%",872858,"enviar a correo ventas8728@homedepot.com.mx,  a nombre de Edgar ivan regalado y Pablo Vidal, material para registros",1,"La Palma",1,"HOME DEPOT MEXICO S DE RL DE CV",Materiales
375,75,"17-02-2021 11:58",22696.86,3631.50,0.00,0.00,26328.36,"pago al 100%",872858,"envias a  ventas8728@homedepot.com.mx, a nombre de Edgar ivan regalado y pablo vidal, material para muros y nicho",1,"La Palma",1,"HOME DEPOT MEXICO S DE RL DE CV",Materiales
379,44,"17-02-2021 13:58",4813.36,770.14,0.00,0.00,5583.50,CONTADO,,"1 CUBETA REMOVEDOR DE PINTURA
1 CUBETA PRIMARIO GRIS
2 GALONES THINER
4 BROCHAS
2 KG ESTOPA",1,"Stock Almacen",1,"PROVEEDORA DE MAT ESPECIALIZADOS GSJ SA DE CV",Materiales
382,58,"17-02-2021 14:43",40260,6441.60,0.00,0.00,46701.60,CONTADO,,"OT 67472 ISLA CHIPRE",1,"Isla Chipre",1,"GALVANIZADORA CAMENDO SA DE CV",Galvanizado
383,58,"17-02-2021 14:47",660,105.60,0.00,0.00,765.60,CONTADO,,"OT 67529 LA PALMA",1,"La Palma",1,"GALVANIZADORA CAMENDO SA DE CV",Galvanizado
387,58,"17-02-2021 15:01",4708,753.28,0.00,0.00,5461.28,CONTADO,,"OT 67497 LOMA LINDA",1,"Loma Linda",1,"GALVANIZADORA CAMENDO SA DE CV",Galvanizado
396,58,"17-02-2021 16:48",26884,4301.44,0.00,0.00,31185.44,CONTADO,,"OT 67514 STOCK Y OT 67534 VENECIO",1,"Stock Almacen",1,"GALVANIZADORA CAMENDO SA DE CV",Galvanizado
398,11,"17-02-2021 17:23",5,,,,5,Prueba,Prueba,Prueba,2,"La Palma",0,"123 LEASE S.A.P.I DE CV",Materiales
399,74,"17-02-2021 18:07",22920.15,3667.22,0.00,0.00,26587.37,Crédito,,"Varilla roscada B7 de 1/2" para esparragos de sujeción de soporte de RF y MW para 15 sitios",0,"Stock Almacen",0,"CLAVOS NACIONALES CN SA DE CV",Materiales
400,74,"17-02-2021 18:24",22465.71,3594.51,0.00,0.00,26060.22,Crédito,,"Tornillos de 1/2x1 3/4 para empalme de cama guia, accesorios de 1/2" para tornillos y esparragos de herrajes de RF y MW, tornillos de 5/8x2 1/4 para herraje de RF y MW, accesorios de 5/8 y t",0,"Stock Almacen",0,"CLAVOS NACIONALES CN SA DE CV",Materiales
401,39,"18-02-2021 09:26",10930.28,1748.84,0.00,0.00,12679.12,CONTADO,,"MATERIAL ELECTRICO PARA COLLOS",1,"Isla Chipre",1,"DISTRIBUIDORA SANTIAGO S.A DE C.V.",Materiales
402,39,"18-02-2021 09:29",16124.60,2579.94,0.00,0.00,18704.54,CONTADO,,"MATERIAL ELECTRICO COLLOS",1,"La Palma",1,"DISTRIBUIDORA SANTIAGO S.A DE C.V.",Materiales
411,58,"18-02-2021 11:05",1510,,,,1510,"sobre por galvanizado",N/A,"registros y camas guia",1,"Isla Chipre",1,"GALVANIZADORA CAMENDO SA DE CV",Galvanizado
412,56,"18-02-2021 11:47",4027.8,644.45,0.00,0.00,4672.25,"pago al 100%",N/A,"traslado de puebla a torreon",1,Torreon,1,"JOSE TOMAS FLORES BOTELLO","Traslado Torreros"
414,70,"18-02-2021 11:51",6894.52,,,,6894.52,"solicitud caja chica",N/A,"gastos a comprobar",0,"Guerrero Norte",0,"GUILLERMO ARREOLA BARRERA","Gastos a Comprobar"
416,57,"18-02-2021 12:07",382.76,61.24,0.00,0.00,444.00,"pago al 100%",N/A,"solera para malla ciclonica",1,"Guerrero Norte",1,"FERREACEROS LOBO (JOSUE RICARDO GOMEZ PAZ)",Materiales
418,70,"18-02-2021 12:24",6894.52,,,,6894.52,"UN PAGO ",,,1,"Guerrero Norte",1,"GUILLERMO ARREOLA BARRERA","Gastos a Comprobar"
419,56,"18-02-2021 12:41",28000,4480.00,0.00,0.00,32480.00,"pago al 100%",N/A,"montaje de incremento doble",1,"Loma Linda",1,"JOSE TOMAS FLORES BOTELLO","Servicios Contables y Administrativos"
420,56,"18-02-2021 12:42",20000,3200.00,0.00,0.00,23200.00,"pago al 100%",N/A,"pago por 2 ventanas fuera de tiempo",1,Torreon,1,"JOSE TOMAS FLORES BOTELLO","Servicios Contables y Administrativos"
422,65,"18-02-2021 14:17",3238,,,,3238,"solicitud caja chica",N/A,"gastos a comprobar",1,PESCADORES,1,"JUAN CARLOS HIDALGO TREJO","Gastos a Comprobar"
423,118,"18-02-2021 14:19",2600,416.00,0.00,0.00,3016.00,"pago al 100%",N/A,"pruebas de concreto",1,"Guerrero Norte",1,"CONCRETEST (FRANCISCO A RODRIGUEZ PERALES)","Pruebas de Laboratorio"
428,62,"18-02-2021 17:25",3205.59,,,,3205.59,"solicitud caja chica",N/A,"gastos a comprobar",1,"La Palma",1,"EDGAR IVAN REGALADO PALACIOS","Gastos a Comprobar"
429,41,"19-02-2021 09:25",3903.28,624.52,0.00,0.00,4527.80,CONTADO,,"70 METROS CABLE DE ACERO RETENIDA 1 X 7 "A" DE 1/2"",0,"Guerrero Norte",0,"PRODUCTOS DE CARGA SA DE CV",Materiales
430,39,"19-02-2021 09:32",2193.92,351.03,0.00,0.00,2544.95,CONTADO,"MATERIAL ELECTRICO COLLOS SITIO VENECIO",,1,Venecio,0,"DISTRIBUIDORA SANTIAGO S.A DE C.V.",Materiales
431,39,"19-02-2021 09:40",46592.29,7454.77,0.00,0.00,54047.06,contado,,"MATERIAL ELECTRICO COLLOS SITIO GUERRERO NORTE",2,"Guerrero Norte",0,"DISTRIBUIDORA SANTIAGO S.A DE C.V.",Materiales
432,39,"19-02-2021 09:48",708.90,113.42,0.00,0.00,822.32,CONTADO,,"30 METROS CABLE CALIBRE #8 PARA COLLOS",0,"Guerrero Norte",0,"DISTRIBUIDORA SANTIAGO S.A DE C.V.",Materiales
433,41,"19-02-2021 09:56",3345.67,535.31,0.00,0.00,3880.98,contado,,"60 METROS CABLE DE ACERO RETENIDA 1 X 7 "A" DE 1/2"",1,Venecio,1,"PRODUCTOS DE CARGA SA DE CV",Materiales
434,41,"19-02-2021 09:59",3903.28,624.52,0.00,0.00,4527.80,CONTADO,,"70 METROS CABLE DE ACERO RETENIDA 1 X 7 "A" DE 1/2"",2,"Guerrero Norte",0,"PRODUCTOS DE CARGA SA DE CV",Materiales
435,64,"19-02-2021 10:08",2000,,,,2000,"pago al 100%",N/A,"deposito al ing magaña por resguardo por material hasta que se entregue la obra",1,"Isla Chipre",0,"JOSE JUAN MAGAÑA MORALES","Resguardo de Material "
436,64,"19-02-2021 10:11",4301.91,,,,4301.91,"solicitud caja chica",N/A,"gastos a comprobar",0,"Isla Chipre",0,"JOSE JUAN MAGAÑA MORALES","Gastos a Comprobar"
437,38,"19-02-2021 10:14",13595.00,2175.20,0.00,0.00,15770.20,CONTADO,,"100 METROS CABLE ACERO 7/16 PVC",0,"Guerrero Norte",0,"PARRES SA DE CV",Materiales
438,38,"19-02-2021 10:17",23933.00,3829.28,0.00,0.00,27762.28,CONTADO,"200 METROS CABLE ACERO 3/8 PVC
60 METROS CABLE ACERO 3/8 PVC",,0,"Guerrero Norte",0,"PARRES SA DE CV",Materiales
440,39,"19-02-2021 10:25",119565.78,19130.52,0.00,0.00,138696.30,CONTADO,,"MATERIAL ELECTRICO COLLOS",2,Venecio,0,"DISTRIBUIDORA SANTIAGO S.A DE C.V.",Materiales
442,58,"19-02-2021 10:32",75,,,,75,"sobre por limpieza de cuerda",N/A,"sobre por limpieza de cuerda en anclas",1,Venecio,0,"GALVANIZADORA CAMENDO SA DE CV",Galvanizado
443,66,"19-02-2021 10:38",5705.62,,,,5705.62,"solicitud caja chica",N/A,"gastos a comprobar",1,Bethel,1,"KEVIN BRYAN BARRON VELAZQUEZ","Gastos a Comprobar"
444,111,"19-02-2021 11:18",5238.66,,,,5238.66,"solicitud caja chica",N/A,"gastos a comprobar",2,"La Palma",0,"PABLO VIDAL REYES BOLAÑOS  ","Gastos a Comprobar"
446,111,"19-02-2021 13:16",1761.34,,,,1761.34,"UN PAGO ",,"SE CAMBIO DE SITIO DE CD ACUÑA A LA PALMA ",0,"La Palma",0,"PABLO VIDAL REYES BOLAÑOS  ","Gastos a Comprobar"
449,6,"19-02-2021 15:33",15000,2400.00,0.00,0.00,17400.00,CONTADO,,"SERV CONTABLES Y ADMIN FEBRERO 2021",1,oficina,0,"ESTRATEGIA PARA ALCANZAR METAS Y DESARROLLAR ","Servicios Contables y Administrativos"
450,90,"19-02-2021 16:46",3360.78,537.72,0.00,0.00,3898.50,"pago al 100%",N/A,"material de pvc para trayectorias, pendiente 6 codos de pvc",1,"Isla Chipre",0,"SERVICIOS ELECTRICOS INDUSTRIALES DE CD. JUAR",Materiales
