1,562,140365 Centro - Implemetación - Refuerzo - EADI - 12409632 - Axtel - GPS,116958,09/06/2021,09/06/2021,Admin Admin,299314.88,Reforzamiento,MXN,182,0,pdf/po_2020/M3PO_116958.pdf,09/06/2021
2,572,144385 - Santa Teresa - Implementación Refuerzo - Collocation - 12415647 - Total Play - GPS,116958,10/06/2021,10/06/2021,Admin Admin,41862.41,Reforzamiento,MXN,183,0,pdf/po_2020/M3PO_116958.pdf,10/06/2021
3,318,179040 El Mirador MEXJUC1561 Implementación ATT Suministro de torre GPS Urgente 250521,116897,11/06/2021,11/06/2021,Admin Admin,445985.27,Torre Nueva,MXN,62,0,pdf/po_2020/M3PO_116897.pdf,11/06/2021
4,530,179027 Capulhuac MEXTIA1604 Implementación ATT BTS Suministro de monopolo GPS 050221 Urgente,116897,12/06/2021,12/06/2021,Admin Admin,842127.17,Torre Nueva,MXN,180,0,pdf/po_2020/M3PO_116897.pdf,12/06/2021
5,318,179040 El Mirador MEXJUC1561 Implementación ATT Montaje de torre GPS Urgente 250521,116897,13/06/2021,13/06/2021,Admin Admin,100921,Torre Nueva,MXN,62,0,pdf/po_2020/M3PO_116897.pdf,13/06/2021
6,530,179027 Capulhuac MEXTIA1604 Implementación ATT BTS Montaje de monopolo GPS 050221 Urgente,116897,14/06/2021,14/06/2021,Admin Admin,166123,Torre Nueva,MXN,180,0,pdf/po_2020/M3PO_116897.pdf,14/06/2021
7,318,179040 El Mirador MEXJUC1561 Implementación ATT Transporte de torre GPS Urgente 250521,116897,15/06/2021,15/06/2021,Admin Admin,15450,Torre Nueva,MXN,62,0,pdf/po_2020/M3PO_116897.pdf,15/06/2021
8,530,179027 Capulhuac MEXTIA1604 Implementación ATT BTS Transporte de monopolo GPS 050221 Urgente,116897,16/06/2021,16/06/2021,Admin Admin,40866,Torre Nueva,MXN,180,0,pdf/po_2020/M3PO_116897.pdf,16/06/2021
9,238,179244 - Cofradía - Implementación - AT&T - BTS - Montaje torre - GPS - Mayo 21,116612,17/06/2021,17/06/2021,Admin Admin,81921.94,Torre Nueva,MXN,27,0,pdf/po_2020/M3PO_116612.pdf,17/06/2021
10,238,179244 - Cofradía - Implementación - AT&T - BTS - Transporte torre - GPS - Mayo 21,116612,18/06/2021,18/06/2021,Admin Admin,21532.58,Torre Nueva,MXN,27,0,pdf/po_2020/M3PO_116612.pdf,18/06/2021
11,238,179244 - Cofradía - Implementación - AT&T - BTS - Estructura torre - GPS - Mayo 21,116612,19/06/2021,19/06/2021,Admin Admin,408917.15,Torre Nueva,MXN,27,0,pdf/po_2020/M3PO_116612.pdf,19/06/2021
12,516,179016_AGUAGU2578_ARELLANO_Implementaciòn_BTS_AT&T_URGENTE_MONTAJE DE TORRE_GPS_MAYO_21,116582,20/06/2021,20/06/2021,Admin Admin,83577.81,Torre Nueva,MXN,176,0,pdf/po_2020/M3PO_116582.pdf,20/06/2021
13,516,179016_AGUAGU2578_ARELLANO_Implementaciòn_BTS_AT&T_URGENTE_TRASLADO DE TORRE_GPS_MAYO_21,116582,21/06/2021,21/06/2021,Admin Admin,44465.95,Torre Nueva,MXN,176,0,pdf/po_2020/M3PO_116582.pdf,21/06/2021
14,516,179016_AGUAGU2578_ARELLANO_Implementaciòn_BTS_AT&T_URGENTE_ESTRUCTURA DE TORRE_GPS_MAYO_21,116582,22/06/2021,22/06/2021,Admin Admin,471502.86,Torre Nueva,MXN,176,0,pdf/po_2020/M3PO_116582.pdf,22/06/2021
15,306,179146_DEGOLLADO_Implementación_AT&T_BTS_Fletes_GPS_Urgente_Mayo 2021,116582,23/06/2021,23/06/2021,Admin Admin,16910.01,Torre Nueva,MXN,58,0,pdf/po_2020/M3PO_116582.pdf,23/06/2021
16,306,179146_DEGOLLADO_Implementación_AT&T_BTS_Montaje de Torre_GPS_Urgente_Mayo 2021,116582,24/06/2021,24/06/2021,Admin Admin,107794.65,Torre Nueva,MXN,58,0,pdf/po_2020/M3PO_116582.pdf,24/06/2021
17,306,179146_DEGOLLADO_Implementación_AT&T_BTS_Torre_GPS_Urgente_Mayo 2021,116582,25/06/2021,25/06/2021,Admin Admin,373120.4,Torre Nueva,MXN,58,0,pdf/po_2020/M3PO_116582.pdf,25/06/2021
18,315,179249 - María Cecilia - Implementación - AT&T - BTS - Montaje de torre - GPS - Mayo 21,116582,26/06/2021,26/06/2021,Admin Admin,83664.96,Torre Nueva,MXN,61,0,pdf/po_2020/M3PO_116582.pdf,26/06/2021
19,315,179249 - María Cecilia - Implementación - AT&T - BTS - Transporte de torre - GPS - Mayo 21,116582,27/06/2021,27/06/2021,Admin Admin,28565.76,Torre Nueva,MXN,61,0,pdf/po_2020/M3PO_116582.pdf,27/06/2021
20,315,179249 - María Cecilia - Implementación - AT&T - BTS - Estructura de torre - GPS - Mayo 21,116582,28/06/2021,28/06/2021,Admin Admin,463530.62,Torre Nueva,MXN,61,0,pdf/po_2020/M3PO_116582.pdf,28/06/2021
21,480,179016_AGUAGU2578_ARELLANO_Implementaciòn_BTS_AT&T_URGENTE_OBRA_GPS_MAYO_21,116582,29/06/2021,29/06/2021,Admin Admin,839671.84,BTS,MXN,172,0,pdf/po_2020/M3PO_116582.pdf,29/06/2021
22,289,179146_DEGOLLADO_Implementación_AT&T_BTSObra Civil_GPS_Urgente_Mayo 2021,116582,30/06/2021,30/06/2021,Admin Admin,740795.65,BTS,MXN,53,0,pdf/po_2020/M3PO_116582.pdf,30/06/2021
23,537,147773 San Sebastian :: Implementacion :: Refuerzo :: EADI - AXTE - 12369272 - GPS ,116368,01/07/2021,01/07/2021,Admin Admin,50851.08,Reforzamiento,MXN,181,0,pdf/po_2020/M3PO_116368.pdf,01/07/2021
24,522,179255_SONHRS1469_Crios_Implementaciòn_BTS_AT&T_URGENTE_TRANSPORTE DE TORRE_GPS_MAYO_21,116309,02/07/2021,02/07/2021,Admin Admin,69434.04,Torre Nueva,MXN,178,0,pdf/po_2020/M3PO_116309.pdf,02/07/2021
25,522,179255_SONHRS1469_Crios_Implementaciòn_BTS_AT&T_URGENTE_MONTAJE DE TORRE_GPS_MAYO_21,116309,03/07/2021,03/07/2021,Admin Admin,107421.79,Torre Nueva,MXN,178,0,pdf/po_2020/M3PO_116309.pdf,03/07/2021
26,522,179255_SONHRS1469_Crios_Implementaciòn_BTS_AT&T_URGENTE_ESTRUCTURA DE TORRE_GPS_MAYO_21,116309,04/07/2021,04/07/2021,Admin Admin,352062.2,Torre Nueva,MXN,178,0,pdf/po_2020/M3PO_116309.pdf,04/07/2021
27,511,179255_SONHRS1469_Crios_Implementaciòn_BTS_AT&T_URGENTE_OBRA_GPS_MAYO_21,116309,05/07/2021,05/07/2021,Admin Admin,786753.09,BTS,MXN,175,0,pdf/po_2020/M3PO_116309.pdf,05/07/2021
28,228,179243 - Urbana Morelos - Implementación - AT&T - BTS - Montaje torre - GPS - Mayo 21,116282,06/07/2021,06/07/2021,Admin Admin,75450.04,Torre Nueva,MXN,19,0,pdf/po_2020/M3PO_116282.pdf,06/07/2021
29,228,179243 - Urbana Morelos - Implementación - AT&T - BTS - Transporte torre - GPS - Mayo 21,116282,07/07/2021,07/07/2021,Admin Admin,21532.58,Torre Nueva,MXN,19,0,pdf/po_2020/M3PO_116282.pdf,07/07/2021
30,228,179243 - Urbana Morelos - Implementación - AT&T - BTS - Estructura torre - GPS - Mayo 21,116282,08/07/2021,08/07/2021,Admin Admin,397963.74,Torre Nueva,MXN,19,0,pdf/po_2020/M3PO_116282.pdf,08/07/2021
31,309,179153_EL CORRAL_Implementación_AT&T_BTS_Fletes_GPS_Urgente_Abril 2021,116178,09/07/2021,09/07/2021,Admin Admin,23118.01,Torre Nueva,MXN,59,0,pdf/po_2020/M3PO_116178.pdf,09/07/2021
32,309,179153_EL CORRAL_Implementación_AT&T_BTS_Montaje de Torre_GPS_Urgente_Abril 2021,116178,10/07/2021,10/07/2021,Admin Admin,107794.65,Torre Nueva,MXN,59,0,pdf/po_2020/M3PO_116178.pdf,10/07/2021
33,309,179153_EL CORRAL_Implementación_AT&T_BTS_Torre_GPS_Urgente_Abril 2021,116178,11/07/2021,11/07/2021,Admin Admin,373120.4,Torre Nueva,MXN,59,0,pdf/po_2020/M3PO_116178.pdf,11/07/2021
34,329,179055 - Toyota Guanajuato - Implementación - AT&T - BTS - Montaje torre - GPS - Abril 21,116178,12/07/2021,12/07/2021,Admin Admin,102415.7,Torre Nueva,MXN,68,0,pdf/po_2020/M3PO_116178.pdf,12/07/2021
35,329,179055 - Toyota Guanajuato - Implementación - AT&T - BTS - Transporte torre - GPS - Abril 21,116178,13/07/2021,13/07/2021,Admin Admin,35027.45,Torre Nueva,MXN,68,0,pdf/po_2020/M3PO_116178.pdf,13/07/2021
36,329,179055 - Toyota Guanajuato - Implementación - AT&T - BTS - Estructura torre - GPS - Abril 21,116178,14/07/2021,14/07/2021,Admin Admin,547341.2,Torre Nueva,MXN,68,0,pdf/po_2020/M3PO_116178.pdf,14/07/2021
37,203,179243 - Urbana Morelos - Implementación - AT&T - BTS - Obra civil - GPS - Abril 21,116103,15/07/2021,15/07/2021,Admin Admin,870673.34,BTS,MXN,11,0,pdf/po_2020/M3PO_116103.pdf,15/07/2021
38,319,178751 NLEPES2339 Colinas del Aeropuerto Implementación ATT Transporte de torre GPS Urgente 260421,116079,16/07/2021,16/07/2021,Admin Admin,55450,Torre Nueva,MXN,63,0,pdf/po_2020/M3PO_116079.pdf,16/07/2021
39,319,178751 NLEPES2339 Colinas del Aeropuerto Implementación ATT Montaje de torre GPS Urgente 260421,116079,17/07/2021,17/07/2021,Admin Admin,87151,Torre Nueva,MXN,63,0,pdf/po_2020/M3PO_116079.pdf,17/07/2021
40,319,178751 NLEPES2339 Colinas del Aeropuerto Implementación ATT Suministro de torre GPS Urgente 26042,116079,18/07/2021,18/07/2021,Admin Admin,457649.5,Torre Nueva,MXN,63,0,pdf/po_2020/M3PO_116079.pdf,18/07/2021
41,326,179034_COASLT2371_Museo del Desierto_Implementación_BTS_AT&T_Urgente_Suministro de Torre_GPS_Abril 2021,115856,19/07/2021,19/07/2021,Admin Admin,445876.64,Torre Nueva,MXN,65,0,pdf/po_2020/M3PO_115856.pdf,19/07/2021
42,326,179034_COASLT2371_Museo del Desierto_Implementación_BTS_AT&T_Urgente_Montaje de Torre_GPS_Abril 2021,115856,20/07/2021,20/07/2021,Admin Admin,82620,Torre Nueva,MXN,65,0,pdf/po_2020/M3PO_115856.pdf,20/07/2021
43,326,179034_COASLT2371_Museo del Desierto_Implementación_BTS_AT&T_Urgente_Transporte de Torre_GPS_Abril 2021,115856,21/07/2021,21/07/2021,Admin Admin,44907,Torre Nueva,MXN,65,0,pdf/po_2020/M3PO_115856.pdf,21/07/2021
44,310,179181 MORTXC2175 Implementación ATT Suministro de torre GPS 160421 Urgente,115856,22/07/2021,22/07/2021,Admin Admin,321837.72,Torre Nueva,MXN,60,0,pdf/po_2020/M3PO_115856.pdf,22/07/2021
45,310,179181 MORTXC2175 Implementación ATT Montaje de torre GPS 160421 Urgente,115856,23/07/2021,23/07/2021,Admin Admin,59611,Torre Nueva,MXN,60,0,pdf/po_2020/M3PO_115856.pdf,23/07/2021
46,310,179181 MORTXC2175 Implementación ATT Transporte de torre GPS 160421 Urgente,115856,24/07/2021,24/07/2021,Admin Admin,30833,Torre Nueva,MXN,60,0,pdf/po_2020/M3PO_115856.pdf,24/07/2021
47,331,179057 - Tabachines - Implementación - AT&T - BTS - Montaje torre - GPS - Abril 21,115770,25/07/2021,25/07/2021,Admin Admin,87151,Torre Nueva,MXN,70,0,pdf/po_2020/M3PO_115770.pdf,25/07/2021
48,331,179057 - Tabachines - Implementación - AT&T - BTS - Transporte torre - GPS - Abril 21,115770,26/07/2021,26/07/2021,Admin Admin,46367,Torre Nueva,MXN,70,0,pdf/po_2020/M3PO_115770.pdf,26/07/2021
49,331,179057 - Tabachines - Implementación - AT&T - BTS - Estructura torre - GPS - Abril 21,115770,27/07/2021,27/07/2021,Admin Admin,445912.32,Torre Nueva,MXN,70,0,pdf/po_2020/M3PO_115770.pdf,27/07/2021
50,499,179376_VALPARAISI II_Implementación_Altán_BTS_Fletes_GPS_Urgente_Abril 2021,115718,28/07/2021,28/07/2021,Admin Admin,32073.42,Torre Nueva,MXN,173,0,pdf/po_2020/M3PO_115718.pdf,28/07/2021
51,499,179376_VALPARAISO II_Implementación_Altán_BTS_Montaje de Torre_GPS_Urgente_Abril 2021,115718,29/07/2021,29/07/2021,Admin Admin,106317.05,Torre Nueva,MXN,173,0,pdf/po_2020/M3PO_115718.pdf,29/07/2021
52,499,179376_VALPARAISO II_Implementación_Altán_BTS_Torre_GPS_Urgente_Abril 2021,115718,30/07/2021,30/07/2021,Admin Admin,391285.75,Torre Nueva,MXN,173,0,pdf/po_2020/M3PO_115718.pdf,30/07/2021
53,330,179375 - Llanetes - Implementación - Altán - BTS - Montaje torre - GPS - Abril 21,115718,31/07/2021,31/07/2021,Admin Admin,100921,Torre Nueva,MXN,69,0,pdf/po_2020/M3PO_115718.pdf,31/07/2021
54,330,179375 - Llanetes - Implementación - Altán - BTS - Transporte torre - GPS - Abril 21,115718,01/08/2021,01/08/2021,Admin Admin,51866,Torre Nueva,MXN,69,0,pdf/po_2020/M3PO_115718.pdf,01/08/2021
55,330,179375 - Llanetes - Implementación - Altán - BTS - Estructura torre - GPS - Abril 21,115718,02/08/2021,02/08/2021,Admin Admin,504341.39,Torre Nueva,MXN,69,0,pdf/po_2020/M3PO_115718.pdf,02/08/2021
56,328,179376_VALPARAISO II_Implementación_Altán_BTS_Obra Civil_GPS_Urgente_Abril 2021,115718,03/08/2021,03/08/2021,Admin Admin,784825.15,BTS,MXN,67,0,pdf/po_2020/M3PO_115718.pdf,03/08/2021
57,320,179375 - Llanetes - Implementación - Altán - BTS - Obra civil - GPS - Abril 21,115691,04/08/2021,04/08/2021,Admin Admin,845784.68,BTS,MXN,64,0,pdf/po_2020/M3PO_115691.pdf,04/08/2021
58,502,140388 - Termo Electrica - Implementación - Mantenimiento - Collo - Reubicación - GPS - Mar2021,115527,05/08/2021,05/08/2021,Admin Admin,649588.93,Cambio de Torre,MXN,174,0,pdf/po_2020/M3PO_115527.pdf,05/08/2021
59,520,179028_AMBAR_Implementación_AT&T_BTS_TTV_GPS_Urgente_Abril 2021,115527,06/08/2021,06/08/2021,Admin Admin,55000,BTS,MXN,177,0,pdf/po_2020/M3PO_115527.pdf,06/08/2021
60,303,179060 - Mandarinas - Implementación - AT&T - BTS - Estructura monopolo - GPS - Marzo 21,115407,07/08/2021,07/08/2021,Admin Admin,643465.44,Torre Nueva,MXN,56,0,pdf/po_2020/M3PO_115407.pdf,07/08/2021
61,303,179060 - Mandarinas - Implementación - AT&T - BTS - Transporte monopolo - GPS - Marzo 21,115407,08/08/2021,08/08/2021,Admin Admin,37933,Torre Nueva,MXN,56,0,pdf/po_2020/M3PO_115407.pdf,08/08/2021
62,303,179060 - Mandarinas - Implementación - AT&T - BTS - Montaje monopolo - GPS - Marzo 21,115407,09/08/2021,09/08/2021,Admin Admin,139766,Torre Nueva,MXN,56,0,pdf/po_2020/M3PO_115407.pdf,09/08/2021
63,264,145843_1118 Saltillo Implementación Cambio de torre Folio 12369788 AT&T GPS,115325,10/08/2021,10/08/2021,Admin Admin,351078.45,Cambio de Torre,MXN,41,0,pdf/po_2020/M3PO_115325.pdf,10/08/2021
64,264,145843_1118 Saltillo Implementación Cambio de torre Folio 12369788 AT&T GPS,115325,11/08/2021,11/08/2021,Admin Admin,315382.22,Cambio de Torre,MXN,41,0,pdf/po_2020/M3PO_115325.pdf,11/08/2021
65,264,145843_1118 Saltillo Implementación Cambio de torre Folio 12369788 AT&T GPS,115325,12/08/2021,12/08/2021,Admin Admin,90152.55,Cambio de Torre,MXN,41,0,pdf/po_2020/M3PO_115325.pdf,12/08/2021
66,264,145843_1118 Saltillo Implementación Cambio de torre Folio 12369788 AT&T GPS,115325,13/08/2021,13/08/2021,Admin Admin,35482.65,Cambio de Torre,MXN,41,0,pdf/po_2020/M3PO_115325.pdf,13/08/2021
67,264,145843_1118 Saltillo Implementación Cambio de torre Folio 12369788 AT&T GPS,115325,14/08/2021,14/08/2021,Admin Admin,101054.14,Cambio de Torre,MXN,41,0,pdf/po_2020/M3PO_115325.pdf,14/08/2021
68,511,179255_SONHRS1469_Crios_Implementaciòn_BTS_AT&T_URGENTE_ELABORACIÒN DE INGENIERIA_GPS_MARZO_21,115230,15/08/2021,15/08/2021,Admin Admin,55000,BTS,MXN,175,0,pdf/po_2020/M3PO_115230.pdf,15/08/2021
69,502,140388 - Termo Electrica - Implementación - AT&T - Reubicación - TTV - GPS - Marzo 21,115191,16/08/2021,16/08/2021,Admin Admin,55000,Cambio de Torre,MXN,174,0,pdf/po_2020/M3PO_115191.pdf,16/08/2021
70,480,179016_AGUAGU2578_ARELLANO_Implementaciòn_BTS_AT&T_URGENTE_ELABORACIÒN DE INGENIERIA_GPS_MARZO_21,115128,17/08/2021,17/08/2021,Admin Admin,55000,BTS,MXN,172,0,pdf/po_2020/M3PO_115128.pdf,17/08/2021
71,304,179063 - Corrugados - Implementación - AT&T - BTS - Estructura torre - GPS - Marzo 21,114871,18/08/2021,18/08/2021,Admin Admin,518971.29,Torre Nueva,MXN,57,0,pdf/po_2020/M3PO_114871.pdf,18/08/2021
72,304,179063 - Corrugados - Implementación - AT&T - BTS - Transporte torre - GPS - Marzo 21,114871,19/08/2021,19/08/2021,Admin Admin,29933,Torre Nueva,MXN,57,0,pdf/po_2020/M3PO_114871.pdf,19/08/2021
73,304,179063 - Corrugados - Implementación - AT&T - BTS - Montaje torre - GPS - Marzo 21,114871,20/08/2021,20/08/2021,Admin Admin,100921,Torre Nueva,MXN,57,0,pdf/po_2020/M3PO_114871.pdf,20/08/2021
74,202,179248 - Mitla - Implementación - AT&T - BTS - Obra civil - GPS - Marzo 21,114785,21/08/2021,21/08/2021,Admin Admin,846934.68,BTS,MXN,10,0,pdf/po_2020/M3PO_114785.pdf,21/08/2021
75,237,179248 - Mitla - Implementación - AT&T - BTS - Estructura torre - GPS - Marzo 21,114785,22/08/2021,22/08/2021,Admin Admin,402313.67,Torre Nueva,MXN,26,0,pdf/po_2020/M3PO_114785.pdf,22/08/2021
76,237,179248 - Mitla - Implementación - AT&T - BTS - Transporte torre - GPS - Marzo 21,114785,23/08/2021,23/08/2021,Admin Admin,22907,Torre Nueva,MXN,26,0,pdf/po_2020/M3PO_114785.pdf,23/08/2021
77,237,179248 - Mitla - Implementación - AT&T - BTS - Montaje torre - GPS - Marzo 21,114785,24/08/2021,24/08/2021,Admin Admin,87151,Torre Nueva,MXN,26,0,pdf/po_2020/M3PO_114785.pdf,24/08/2021
78,260,131842 - Celaya - Implementación - Mantenimiento - Collo - Refuerzo Arriostradas - BasePlate Guyed Tower - GPS - Mar2021,114785,25/08/2021,25/08/2021,Admin Admin,56357.41,Reforzamiento,MXN,38,0,pdf/po_2020/M3PO_114785.pdf,25/08/2021
79,197,179043_SINCUL1063_Díaz Ordaz_Implementación_BTS_AT&T_Urgente_Obra Civil_GPS_Marzo 2021,114725,26/08/2021,26/08/2021,Admin Admin,839224.48,BTS,MXN,8,0,pdf/po_2020/M3PO_114725.pdf,26/08/2021
80,279,143655_Angel Leaño_Implementación refuerzo en torre AT&T_GPS,114725,27/08/2021,27/08/2021,Admin Admin,308114.98,Reforzamiento,MXN,49,0,pdf/po_2020/M3PO_114725.pdf,27/08/2021
81,226,179043_SINCUL1063_Díaz Ordaz_Implementación_BTS_AT&T_Urgente_Suministro de Torre_GPS_Marzo 2021,114725,28/08/2021,28/08/2021,Admin Admin,454395.98,Torre Nueva,MXN,17,0,pdf/po_2020/M3PO_114725.pdf,28/08/2021
82,226,179043_SINCUL1063_Díaz Ordaz_Implementación_BTS_AT&T_Urgente_Montaje de Torre_GPS_Marzo 2021,114725,29/08/2021,29/08/2021,Admin Admin,89505,Torre Nueva,MXN,17,0,pdf/po_2020/M3PO_114725.pdf,29/08/2021
83,226,179043_SINCUL1063_Díaz Ordaz_Implementación_BTS_AT&T_Urgente_Transporte de Torre_GPS_Marzo 2021,114725,30/08/2021,30/08/2021,Admin Admin,56367,Torre Nueva,MXN,17,0,pdf/po_2020/M3PO_114725.pdf,30/08/2021
84,328,179376_VALPARAISO II_Implementación_Altán_BTS_TTV_GPS_Urgente_Marzo 2021,114648,31/08/2021,31/08/2021,Admin Admin,55000,BTS,MXN,67,0,pdf/po_2020/M3PO_114648.pdf,31/08/2021
85,227,179231_SINCUL1461_El Ranchito_Implementación_BTS_AT&T_Urgente_Suministro de Torre_GPS_Marzo 2021,114648,01/09/2021,01/09/2021,Admin Admin,461798.31,Torre Nueva,MXN,18,0,pdf/po_2020/M3PO_114648.pdf,01/09/2021
86,227,179231_SINCUL1461_El Ranchito_Implementación_BTS_AT&T_Urgente_Montaje de Torre_GPS_Marzo 2021,114648,02/09/2021,02/09/2021,Admin Admin,96390,Torre Nueva,MXN,18,0,pdf/po_2020/M3PO_114648.pdf,02/09/2021
87,227,179231_SINCUL1461_El Ranchito_Implementación_BTS_AT&T_Urgente_Transporte de Torre_GPS_Marzo 2021,114648,03/09/2021,03/09/2021,Admin Admin,56367,Torre Nueva,MXN,18,0,pdf/po_2020/M3PO_114648.pdf,03/09/2021
88,225,179092_SINCUL1067_La Amistad_Implementación_BTS_AT&T_Urgente_Suministro de Torre_GPS_Febrero 2021,114521,04/09/2021,04/09/2021,Admin Admin,406804.5,Torre Nueva,MXN,16,0,pdf/po_2020/M3PO_114521.pdf,04/09/2021
89,225,179092_SINCUL1067_La Amistad_Implementación_BTS_AT&T_Urgente_Montaje de Torre_GPS_Febrero 2021,114521,05/09/2021,05/09/2021,Admin Admin,68850,Torre Nueva,MXN,16,0,pdf/po_2020/M3PO_114521.pdf,05/09/2021
90,225,179092_SINCUL1067_La Amistad_Implementación_BTS_AT&T_Urgente_Transporte de Torre_GPS_Febrero 2021,114521,06/09/2021,06/09/2021,Admin Admin,56367,Torre Nueva,MXN,16,0,pdf/po_2020/M3PO_114521.pdf,06/09/2021
91,320,179375 - Llanetes - Implementación - Altán - BTS - TTV - Tecing - Febrero 21,114475,07/09/2021,07/09/2021,Admin Admin,55000,BTS,MXN,64,0,pdf/po_2020/M3PO_114475.pdf,07/09/2021
92,234,146091_1034 San Luis Potosi_Implementación cambio de torre AT&T_GPS,114462,08/09/2021,08/09/2021,Admin Admin,339432.91,Cambio de Torre,MXN,23,0,pdf/po_2020/M3PO_114462.pdf,08/09/2021
93,234,146091_1034 San Luis Potosi_Implementación cambio de torre AT&T_GPS,114431,09/09/2021,09/09/2021,Admin Admin,22050,Cambio de Torre,MXN,23,0,pdf/po_2020/M3PO_114431.pdf,09/09/2021
94,234,146091_1034 San Luis Potosi_Implementación cambio de torre AT&T_GPS,114431,10/09/2021,10/09/2021,Admin Admin,20133.12,Cambio de Torre,MXN,23,0,pdf/po_2020/M3PO_114431.pdf,10/09/2021
95,200,179092_SINCUL1067_La Amistad_Implementación_BTS_AT&T_Urgente_Obra Civil_GPS_Febrero 2021,114381,11/09/2021,11/09/2021,Admin Admin,751579.7,BTS,MXN,9,0,pdf/po_2020/M3PO_114381.pdf,11/09/2021
96,231,179298 Ave del Paraiso CHHJRZ2391 Implementación ATT Suministro de torre GPS180221 Urgente,114321,12/09/2021,12/09/2021,Admin Admin,390009.5,Torre Nueva,MXN,20,0,pdf/po_2020/M3PO_114321.pdf,12/09/2021
97,523,146091 - 1034 San Luis Potosi - Implementacion AT&T - Collo - Adecuaciones Obra Civil - GPS - (urgente) - Febrero - 2021 (RDS PT),114312,13/09/2021,13/09/2021,Admin Admin,245356.06,Colocacion,MXN,179,0,pdf/po_2020/M3PO_114312.pdf,13/09/2021
98,295,144255_Gasolinera_Implementación refuerzo en torre_AT&T_GPS,114265,14/09/2021,14/09/2021,Admin Admin,184411.63,Reforzamiento,MXN,54,0,pdf/po_2020/M3PO_114265.pdf,14/09/2021
99,231,179298 Ave del Paraiso CHHJRZ2391 Implementación ATT Transporte de torre GPS180221 Urgente,114265,15/09/2021,15/09/2021,Admin Admin,59933,Torre Nueva,MXN,20,0,pdf/po_2020/M3PO_114265.pdf,15/09/2021
100,231,179298 Ave del Paraiso CHHJRZ2391 Implementación ATT Montaje de torre GPS180221 Urgente,114265,16/09/2021,16/09/2021,Admin Admin,73381,Torre Nueva,MXN,20,0,pdf/po_2020/M3PO_114265.pdf,16/09/2021
101,196,179107 Venecio MEXCTT2108 Implementación ATT Obra Civil GPS 090221 Urgente,114033,17/09/2021,17/09/2021,Admin Admin,1035528,BTS,MXN,7,0,pdf/po_2020/M3PO_114033.pdf,17/09/2021
102,233,179107 Venecio MEXCTT2108 Implementación ATT Suministro de torre Autosoportada GPS 090221 Urgente,114033,18/09/2021,18/09/2021,Admin Admin,329284,Torre Nueva,MXN,22,0,pdf/po_2020/M3PO_114033.pdf,18/09/2021
103,233,179107 Venecio MEXCTT2108 Implementación ATT Montaje de torre Autosoportada GPS 090221 Urgente,114033,19/09/2021,19/09/2021,Admin Admin,87151,Torre Nueva,MXN,22,0,pdf/po_2020/M3PO_114033.pdf,19/09/2021
104,233,179107 Venecio MEXCTT2108 Implementación ATT Transporte de torre Autosoportada GPS 090221 Urgente,114033,20/09/2021,20/09/2021,Admin Admin,13756,Torre Nueva,MXN,22,0,pdf/po_2020/M3PO_114033.pdf,20/09/2021
105,205,179008 - La Palma - Implementación - AT&T - BTS - Obra civil - GPS - Febrero 21,114033,21/09/2021,21/09/2021,Admin Admin,828820.46,BTS,MXN,13,0,pdf/po_2020/M3PO_114033.pdf,21/09/2021
106,242,179008 - La Palma - Implementación - AT&T - BTS - Estructura torre - GPS - Febrero 21,114033,22/09/2021,22/09/2021,Admin Admin,357657,Torre Nueva,MXN,29,0,pdf/po_2020/M3PO_114033.pdf,22/09/2021
107,242,179008 - La Palma - Implementación - AT&T - BTS - Transporte torre - GPS - Febrero 21,114033,23/09/2021,23/09/2021,Admin Admin,46367,Torre Nueva,MXN,29,0,pdf/po_2020/M3PO_114033.pdf,23/09/2021
108,242,179008 - La Palma - Implementación - AT&T - BTS - Montaje torre - GPS - Febrero 21,114033,24/09/2021,24/09/2021,Admin Admin,73381,Torre Nueva,MXN,29,0,pdf/po_2020/M3PO_114033.pdf,24/09/2021
109,239,179002_Francisco Carvajal / Tokio_Implementación_AT&T_BTS_Torre_GPS_Urgente_Febrero 2021,114033,25/09/2021,25/09/2021,Admin Admin,335511.03,Torre Nueva,MXN,28,0,pdf/po_2020/M3PO_114033.pdf,25/09/2021
110,239,179002_Francisco Carvajal / Tokio_Implementación_AT&T_BTS_Montaje de Torre_GPS_Urgente_Febrero 2021,114033,26/09/2021,26/09/2021,Admin Admin,117404.59,Torre Nueva,MXN,28,0,pdf/po_2020/M3PO_114033.pdf,26/09/2021
111,239,179002_Francisco Carvajal / Tokio_Implementación_AT&T_BTS_Fletes_GPS_Urgente_Febrero 2021,114033,27/09/2021,27/09/2021,Admin Admin,19652.58,Torre Nueva,MXN,28,0,pdf/po_2020/M3PO_114033.pdf,27/09/2021
112,210,178962_GUERRERO NORTE_Implementación_AT&T_BTS_Obra Civil_GPS_Urgente_Febrero 2021,114033,28/09/2021,28/09/2021,Admin Admin,638277.15,BTS,MXN,15,0,pdf/po_2020/M3PO_114033.pdf,28/09/2021
113,243,178962_GUERRERO NORTE_Implementación_AT&T_BTS_Torre_GPS_Urgente_Febrero 2021,114033,29/09/2021,29/09/2021,Admin Admin,190731.71,Torre Nueva,MXN,30,0,pdf/po_2020/M3PO_114033.pdf,29/09/2021
114,243,178962_GUERRERO NORTE_Implementación_AT&T_BTS_Montaje de Torre_GPS_Urgente_Febrero 2021,114033,30/09/2021,30/09/2021,Admin Admin,82411.68,Torre Nueva,MXN,30,0,pdf/po_2020/M3PO_114033.pdf,30/09/2021
115,210,178962_GUERRERO NORTE_Implementación_AT&T_BTS_Fletes_GPS_Urgente_Febrero 2021,114033,01/10/2021,01/10/2021,Admin Admin,33911.44,BTS,MXN,15,0,pdf/po_2020/M3PO_114033.pdf,01/10/2021
116,167,178730 - Isla Chipre - Implementación - AT&T - BTS - Obra civil - GPS - Febrero 21,113919,02/10/2021,02/10/2021,Admin Admin,846526.45,BTS,MXN,4,0,pdf/po_2020/M3PO_113919.pdf,02/10/2021
117,236,178730 - Isla Chipre - Implementación - AT&T - BTS - Estructura torre - GPS - Febrero 21,113919,03/10/2021,03/10/2021,Admin Admin,522104.1,Torre Nueva,MXN,25,0,pdf/po_2020/M3PO_113919.pdf,03/10/2021
118,236,178730 - Isla Chipre - Implementación - AT&T - BTS - Transporte torre - GPS - Febrero 21,113919,04/10/2021,04/10/2021,Admin Admin,58350,Torre Nueva,MXN,25,0,pdf/po_2020/M3PO_113919.pdf,04/10/2021
119,236,178730 - Isla Chipre - Implementación - AT&T - BTS - Montaje torre - GPS - Febrero 21,113919,05/10/2021,05/10/2021,Admin Admin,87151,Torre Nueva,MXN,25,0,pdf/po_2020/M3PO_113919.pdf,05/10/2021
120,373,140658 - SACRAMENTO - AT&T - Collo - Trabajos complementarios Obra civil - GPS - (Urgente) - Febrero - 2021 RDS PT,113840,06/10/2021,06/10/2021,Admin Admin,41038.48,Colocacion,MXN,91,0,pdf/po_2020/M3PO_113840.pdf,06/10/2021
121,362,142603 - PRADERAS - AT&T - Collo - Trabajos complementarios Obra civil - GPS - (Urgente) - Febrero - 2021 RDS PT,113840,07/10/2021,07/10/2021,Admin Admin,95230.14,Colocacion,MXN,80,0,pdf/po_2020/M3PO_113840.pdf,07/10/2021
122,287,144851_Loma Linda_Implementación refuerzo en torre AT&T_GPS,113685,08/10/2021,08/10/2021,Admin Admin,186065.85,Reforzamiento,MXN,52,0,pdf/po_2020/M3PO_113685.pdf,08/10/2021
123,289,179146_MEXPAZ2136_Implementación_AT&T_BTS_TTV_GPS_Urgente_Enero 2021,113685,09/10/2021,09/10/2021,Admin Admin,55000,BTS,MXN,53,0,pdf/po_2020/M3PO_113685.pdf,09/10/2021
124,254,85759_Taxco - Implementación - Total Play - Additional Equipment - Refuerzo - Normal - GPS - Enero - 21,113492,10/10/2021,10/10/2021,Admin Admin,883192.46,Reforzamiento,MXN,37,0,pdf/po_2020/M3PO_113492.pdf,10/10/2021
125,470,148440_Fiesta Inn_Implementación refuerzo AT&T_GPS,113492,11/10/2021,11/10/2021,Admin Admin,25590.35,Reforzamiento,MXN,165,0,pdf/po_2020/M3PO_113492.pdf,11/10/2021
126,268,175852_Torreón_Implementación refuerzo AT&T_GPS,113449,12/10/2021,12/10/2021,Admin Admin,271404.68,Reforzamiento,MXN,42,0,pdf/po_2020/M3PO_113449.pdf,12/10/2021
127,235,145043_Los Ejes_Implementación refuerzo en torre AT&T_GPS,113300,13/10/2021,13/10/2021,Admin Admin,83284.85,Reforzamiento,MXN,24,0,pdf/po_2020/M3PO_113300.pdf,13/10/2021
128,249,146193 - 3412 HERMOSILLO - AT&T - Collo - Construcción de plataforma - GPS - (Urgente) - Enero - 2020 RDS PT,113191,14/10/2021,14/10/2021,Admin Admin,226445.47,Colocacion,MXN,35,0,pdf/po_2020/M3PO_113191.pdf,14/10/2021
129,77,178735 - Naranjos - Implementación - AT&T - BTS - Obra civil - GPS - Enero 21,113191,15/10/2021,15/10/2021,Admin Admin,702354.62,BTS,MXN,2,0,pdf/po_2020/M3PO_113191.pdf,15/10/2021
130,246,178735 - Naranjos - Implementación - AT&T - BTS - Estructura torre - GPS - Enero 2,113191,16/10/2021,16/10/2021,Admin Admin,337546.27,Torre Nueva,MXN,32,0,pdf/po_2020/M3PO_113191.pdf,16/10/2021
131,246,178735 - Naranjos - Implementación - AT&T - BTS - Transporte torre - GPS - Enero 21,113191,17/10/2021,17/10/2021,Admin Admin,36433,Torre Nueva,MXN,32,0,pdf/po_2020/M3PO_113191.pdf,17/10/2021
132,246,178735 - Naranjos - Implementación - AT&T - BTS - Montaje torre - GPS - Enero 21,113191,18/10/2021,18/10/2021,Admin Admin,52726,Torre Nueva,MXN,32,0,pdf/po_2020/M3PO_113191.pdf,18/10/2021
133,232,86245_Gomez Palacio Oeste - Implementación - AT&T - Additional Equipment - Refuerzo - Normal - GPS - Diciembre - 20,112356,19/10/2021,19/10/2021,Admin Admin,128792.88,Reforzamiento,MXN,21,0,pdf/po_2020/M3PO_112356.pdf,19/10/2021
134,244,178728 - Los Soles - Implementación - AT&T - BTS - Obra civil - GPS - Noviembre 20,112171,20/10/2021,20/10/2021,Admin Admin,792880.01,BTS,MXN,31,0,pdf/po_2020/M3PO_112171.pdf,20/10/2021
135,271,178728 - Los Soles - Implementación - AT&T -BTS - Estructura monopolo - GPS - Novimebre 20,112171,21/10/2021,21/10/2021,Admin Admin,500270.75,Torre Nueva,MXN,44,0,pdf/po_2020/M3PO_112171.pdf,21/10/2021
136,271,178728 - Los Soles - Implementación - AT&T -BTS - Transporte monopolo - GPS - Novimebre 20,112171,22/10/2021,22/10/2021,Admin Admin,42933,Torre Nueva,MXN,44,0,pdf/po_2020/M3PO_112171.pdf,22/10/2021
137,271,178728 - Los Soles - Implementación - AT&T -BTS - Montaje monopolo - GPS - Novimebre 20,112171,23/10/2021,23/10/2021,Admin Admin,112881,Torre Nueva,MXN,44,0,pdf/po_2020/M3PO_112171.pdf,23/10/2021
138,473,146012 1012 San Luis Potosi Implementación BasePlate Guyed Tower GPS,111927,24/10/2021,24/10/2021,Admin Admin,84496.28,Reforzamiento,MXN,168,0,pdf/po_2020/M3PO_111927.pdf,24/10/2021
139,472,132005 Luis Pasteur Implementacion basePlate Guted Tower GPS,111927,25/10/2021,25/10/2021,Admin Admin,57495.28,Reforzamiento,MXN,167,0,pdf/po_2020/M3PO_111927.pdf,25/10/2021
140,399,147740 Palomares implementacion BasePlate Gued Tower GPS,111927,26/10/2021,26/10/2021,Admin Admin,85476.35,Reforzamiento,MXN,109,0,pdf/po_2020/M3PO_111927.pdf,26/10/2021
141,443,131945 - Bugambilias - Implementación - Mantenimiento - BasePlate Guyed Tower - Refuerzo Arriostradas - Normal - GPS - Noviembre - 20,111656,27/10/2021,27/10/2021,Admin Admin,91298.38,Reforzamiento,MXN,143,0,pdf/po_2020/M3PO_111656.pdf,27/10/2021
142,475,148013 - Barranquitas - Implementación - ALTÁN - Colocacion - Refuerzo en Torre - Urgente - GPS - Noviembre - 2020,111604,28/10/2021,28/10/2021,Admin Admin,132791.16,Reforzamiento,MXN,170,0,pdf/po_2020/M3PO_111604.pdf,28/10/2021
143,464,134399 Malecon Implementación BasePlate Guyed Tower GPS,111604,29/10/2021,29/10/2021,Admin Admin,56087.49,Reforzamiento,MXN,161,0,pdf/po_2020/M3PO_111604.pdf,29/10/2021
144,466,145682 736 Leon Implementación BasePlate Guyed Tower GPS,111604,30/10/2021,30/10/2021,Admin Admin,56610.87,Reforzamiento,MXN,163,0,pdf/po_2020/M3PO_111604.pdf,30/10/2021
145,286,146027 929 Queretaro Implementación BasePlate Guyed Tower GPS ,111604,31/10/2021,31/10/2021,Admin Admin,43458.42,Reforzamiento,MXN,51,0,pdf/po_2020/M3PO_111604.pdf,31/10/2021
146,471,146029 940 Marquez Implementación BasePlate Guyed Tower GPS,111604,01/11/2021,01/11/2021,Admin Admin,57395.95,Reforzamiento,MXN,166,0,pdf/po_2020/M3PO_111604.pdf,01/11/2021
147,479,144462_Desarrollo Oriente_Implementación refuerzo en torre AT&T_GPS,111590,02/11/2021,02/11/2021,Admin Admin,112690.37,Reforzamiento,MXN,171,0,pdf/po_2020/M3PO_111590.pdf,02/11/2021
148,76,178734 COASLT2314 Nueva Jerusalen Implementación ATT BTS Obra Civil GPS 091120 Urgente,111536,03/11/2021,03/11/2021,Admin Admin,620320.34,BTS,MXN,1,0,pdf/po_2020/M3PO_111536.pdf,03/11/2021
149,261,131926 - La Cal (R60004) - Implementación - AT&T - Collo - Análisis Estructural de Torre - GPS - Nov2020,111536,04/11/2021,04/11/2021,Admin Admin,19000,Cambio de Torre,MXN,39,0,pdf/po_2020/M3PO_111536.pdf,04/11/2021
150,274,178734 COASLT2314 Nueva Jerusalen Implementación ATT BTS Transporte de Mástl de bodega GPS 091120 Urgente,111536,05/11/2021,05/11/2021,Admin Admin,38365,Torre Nueva,MXN,47,0,pdf/po_2020/M3PO_111536.pdf,05/11/2021
151,274,178734 COASLT2314 Nueva Jerusalen Implementación ATT BTS Montaje de Mástl de bodega GPS 091120 Urgente,111536,06/11/2021,06/11/2021,Admin Admin,31546.3,Torre Nueva,MXN,47,0,pdf/po_2020/M3PO_111536.pdf,06/11/2021
152,274,178734 COASLT2314 Nueva Jerusalen Implementación ATT BTS Adecuación Mástl de bodega GPS 091120 Urgente,111536,07/11/2021,07/11/2021,Admin Admin,227222.9,Torre Nueva,MXN,47,0,pdf/po_2020/M3PO_111536.pdf,07/11/2021
153,469,176613 - PRADOS DEL RINCÓN - Implementación -Mantenimiento - BasePlate Guyed Tower - Refuerzo Arriostradas - Normal - GPS - Noviembre - 20,111425,08/11/2021,08/11/2021,Admin Admin,57309.18,Reforzamiento,MXN,164,0,pdf/po_2020/M3PO_111425.pdf,08/11/2021
154,474,176639 La Huerta Implementación BasePlate Guyed Tower GPS,111386,09/11/2021,09/11/2021,Admin Admin,56349.18,Reforzamiento,MXN,169,0,pdf/po_2020/M3PO_111386.pdf,09/11/2021
155,368,145075 - MONTECARLO - AT&T - Collo - Interruptor y Soporte MW - GPS - Octubre - 2020 RDS,111298,10/11/2021,10/11/2021,Admin Admin,22731.19,Colocacion,MXN,86,0,pdf/po_2020/M3PO_111298.pdf,10/11/2021
156,206,178900_ACOROS_Implementación_AT&T_BTS_Obra Civil_GPS_Urgente_Octubre 2020,111298,11/11/2021,11/11/2021,Admin Admin,796662.11,BTS,MXN,14,0,pdf/po_2020/M3PO_111298.pdf,11/11/2021
157,248,175936 - SW POP CD.JUAREZ - Implementación - Axtel - Additional Equipment - Cambio de Torre - Desmontaje - Normal - GPS - Octubre - 20,111298,12/11/2021,12/11/2021,Admin Admin,81079.95,Cambio de Torre,MXN,34,0,pdf/po_2020/M3PO_111298.pdf,12/11/2021
158,275,178900_ACOROS_Implementación_AT&T_BTS_Torre_Urgente_Octubre 2020,111298,13/11/2021,13/11/2021,Admin Admin,511126.04,Torre Nueva,MXN,48,0,pdf/po_2020/M3PO_111298.pdf,13/11/2021
159,275,178900_ACOROS_Implementación_AT&T_BTS_Montaje de Torre_GPS_Urgente_Octubre 2020,111298,14/11/2021,14/11/2021,Admin Admin,81921.94,Torre Nueva,MXN,48,0,pdf/po_2020/M3PO_111298.pdf,14/11/2021
160,275,178900_ACOROS_Implementación_AT&T_BTS_Fletes_GPS_Urgente_Octubre 2020,111298,15/11/2021,15/11/2021,Admin Admin,40357.02,Torre Nueva,MXN,48,0,pdf/po_2020/M3PO_111298.pdf,15/11/2021
161,248,175936 - SW POP CD.JUAREZ - Implementación - Axtel - Additional Equipment - Cambio de Torre - Normal - GPS - Octubre - 20,111246,16/11/2021,16/11/2021,Admin Admin,261895.14,Cambio de Torre,MXN,34,0,pdf/po_2020/M3PO_111246.pdf,16/11/2021
162,248,175936 - SW POP CD.JUAREZ - Implementación - Axtel - Additional Equipment - Cambio de Torre - Migración - Normal - GPS - Octubre - 20,111246,17/11/2021,17/11/2021,Admin Admin,480022.73,Cambio de Torre,MXN,34,0,pdf/po_2020/M3PO_111246.pdf,17/11/2021
163,463,145724 2212 Irapuato implementación BasePlate Guyed Tower GPS,111117,18/11/2021,18/11/2021,Admin Admin,65845.77,Reforzamiento,MXN,160,0,pdf/po_2020/M3PO_111117.pdf,18/11/2021
164,465,146021 927 Corregidora Implememntación BasePlate Guyed Tower GPS,111117,19/11/2021,19/11/2021,Admin Admin,55861.62,Reforzamiento,MXN,162,0,pdf/po_2020/M3PO_111117.pdf,19/11/2021
165,398,147722 Hacienda San Miguel Implementación BasePlate Guyed Tower GPS,111041,20/11/2021,20/11/2021,Admin Admin,62974.05,Reforzamiento,MXN,108,0,pdf/po_2020/M3PO_111041.pdf,20/11/2021
166,424,133714 Villafaña Implementación BasePlate Guyed Tower Visita GPS,110922,21/11/2021,21/11/2021,Admin Admin,4446,Reforzamiento,MXN,132,0,pdf/po_2020/M3PO_110922.pdf,21/11/2021
167,397,147713 Tapatio Implementación BasePlate Guyed Tower Visita GPS,110922,22/11/2021,22/11/2021,Admin Admin,4446,Reforzamiento,MXN,107,0,pdf/po_2020/M3PO_110922.pdf,22/11/2021
168,420,133881 Plaza Mayor Implementación BasePlate Guyed Tower Visita GPS,110922,23/11/2021,23/11/2021,Admin Admin,4446,Reforzamiento,MXN,128,0,pdf/po_2020/M3PO_110922.pdf,23/11/2021
169,422,147256 Pie de la Cuesta Implementación BasePlate Guyed Tower Visita GPS,110922,24/11/2021,24/11/2021,Admin Admin,4446,Reforzamiento,MXN,130,0,pdf/po_2020/M3PO_110922.pdf,24/11/2021
170,418,133585 Las Reynas Implementación BasePlate Guyed Tower Visita GPS,110922,25/11/2021,25/11/2021,Admin Admin,4446,Reforzamiento,MXN,126,0,pdf/po_2020/M3PO_110922.pdf,25/11/2021
171,423,147260 Candiles Implementación BasePlate Guyed Tower Visita GPS,110922,26/11/2021,26/11/2021,Admin Admin,4446,Reforzamiento,MXN,131,0,pdf/po_2020/M3PO_110922.pdf,26/11/2021
172,394,147258 Arcos Quintana Implementación BasePlate Guyed Tower Visita GPS,110922,27/11/2021,27/11/2021,Admin Admin,4446,Reforzamiento,MXN,106,0,pdf/po_2020/M3PO_110922.pdf,27/11/2021
173,448,135007 - Portales - Implementación - Mantenimiento - BasePlate Guyed Tower - Refuerzo Arriostradas - Normal - GPS - Octubre - 20,110922,28/11/2021,28/11/2021,Admin Admin,4446,Reforzamiento,MXN,147,0,pdf/po_2020/M3PO_110922.pdf,28/11/2021
174,453,148044 - Plaza Satelite (Reubicacion) - Implementación - Mantenimiento - BasePlate Guyed Tower - Refuerzo Arriostradas - Normal - GPS - Octubre - 20,110922,29/11/2021,29/11/2021,Admin Admin,4446,Reforzamiento,MXN,152,0,pdf/po_2020/M3PO_110922.pdf,29/11/2021
175,451,146830 - Cove - Implementación - Mantenimiento - BasePlate Guyed Tower - Refuerzo Arriostradas - Normal - GPS - Octubre - 20,110922,30/11/2021,30/11/2021,Admin Admin,4446,Reforzamiento,MXN,150,0,pdf/po_2020/M3PO_110922.pdf,30/11/2021
176,392,145523 - 1222 Aguascalientes - Implementación - Mantenimiento - BasePlate Guyed Tower - Refuerzo Arriostradas - Normal - GPS - Octubre - 20,110922,01/12/2021,01/12/2021,Admin Admin,4446,Reforzamiento,MXN,105,0,pdf/po_2020/M3PO_110922.pdf,01/12/2021
177,195,178731 Puerto Dunquerque CHHJRZ2312 Implementación ATT Obra Civil GPS 131020 Urgente,110902,02/12/2021,02/12/2021,Admin Admin,854860.1,BTS,MXN,6,0,pdf/po_2020/M3PO_110902.pdf,02/12/2021
178,120,178732 - Bethel - Implementación - AT&T - BTS - Obra civil - GPS - Octubre 20,110902,03/12/2021,03/12/2021,Admin Admin,951496.89,BTS,MXN,3,0,pdf/po_2020/M3PO_110902.pdf,03/12/2021
179,272,178731 Puerto Dunquerque CHHJRZ2312 Implementación ATT Suministro de torre GPS 131020 Urgente,110902,04/12/2021,04/12/2021,Admin Admin,594735,Torre Nueva,MXN,45,0,pdf/po_2020/M3PO_110902.pdf,04/12/2021
180,272,178731 Puerto Dunquerque CHHJRZ2312 Implementación ATT Montaje de torre GPS 131020 Urgente,110902,05/12/2021,05/12/2021,Admin Admin,96390,Torre Nueva,MXN,45,0,pdf/po_2020/M3PO_110902.pdf,05/12/2021
181,272,178731 Puerto Dunquerque CHHJRZ2312 Implementación ATT Transporte de torre GPS 131020 Urgent,110902,06/12/2021,06/12/2021,Admin Admin,48933,Torre Nueva,MXN,45,0,pdf/po_2020/M3PO_110902.pdf,06/12/2021
182,273,178732 - Bethel - IMplementación - AT&T - BTS - Estructura torre - GPS - Octubre 20,110902,07/12/2021,07/12/2021,Admin Admin,600444.56,Torre Nueva,MXN,46,0,pdf/po_2020/M3PO_110902.pdf,07/12/2021
183,273,178732 - Bethel - Implementación - AT&T - BTS - Transporte torre - GPS - Octubre 20,110902,08/12/2021,08/12/2021,Admin Admin,48933,Torre Nueva,MXN,46,0,pdf/po_2020/M3PO_110902.pdf,08/12/2021
184,273,178732 - Bethel - Implementación - AT&T - BTS - Montaje torre - GPS - Octubre 20,110902,09/12/2021,09/12/2021,Admin Admin,96390,Torre Nueva,MXN,46,0,pdf/po_2020/M3PO_110902.pdf,09/12/2021
185,413,175931_pop reynosa_Implementación refuerzo en torre Axtel_adicionales_GPS,110800,10/12/2021,10/12/2021,Admin Admin,77414.96,Reforzamiento,MXN,122,0,pdf/po_2020/M3PO_110800.pdf,10/12/2021
186,462,145646_1400 CD JUAREZ - Implementación - Axtel - Additional Equipment - Refuerzo - Normal - GPS - Octubre - 20,110752,11/12/2021,11/12/2021,Admin Admin,85555.38,Reforzamiento,MXN,159,0,pdf/po_2020/M3PO_110752.pdf,11/12/2021
187,447,146093 - 376 MEX - Implementación - Mantenimiento - BasePlate Guyed Tower - Refuerzo Arriostradas - Normal - GPS - Octubre - 20,110752,12/12/2021,12/12/2021,Admin Admin,38999.54,Reforzamiento,MXN,146,0,pdf/po_2020/M3PO_110752.pdf,12/12/2021
188,452,146933 - Comunal San Agustin - Implementación - Mantenimiento - BasePlate Guyed Tower - Refuerzo Arriostradas - Normal - GPS - Octubre - 20,110752,13/12/2021,13/12/2021,Admin Admin,67859.42,Reforzamiento,MXN,151,0,pdf/po_2020/M3PO_110752.pdf,13/12/2021
189,450,133012 - Liberación - Implementación - Mantenimiento - BasePlate Guyed Tower - Refuerzo Arriostradas - Normal - GPS - Octubre - 20,110752,14/12/2021,14/12/2021,Admin Admin,41093.08,Reforzamiento,MXN,149,0,pdf/po_2020/M3PO_110752.pdf,14/12/2021
190,461,133504_La Misión_Implementación refuerzo en torre AT&T_GPS,110629,15/12/2021,15/12/2021,Admin Admin,616956.9,Reforzamiento,MXN,158,0,pdf/po_2020/M3PO_110629.pdf,15/12/2021
191,460,176817 - Naica - Implementación - ALTÁN - Colocacion - Refuerzo en torre + Incremento - Urgente - GPS - Septiembre - 2020,110540,16/12/2021,16/12/2021,Admin Admin,298359.84,Reforzamiento,MXN,157,0,pdf/po_2020/M3PO_110540.pdf,16/12/2021
192,167,178730 - Isla Chipre - Implementación - AT&T - BTS - TTV - GPS - Septiembre 20,110504,17/12/2021,17/12/2021,Admin Admin,55000,BTS,MXN,4,0,pdf/po_2020/M3PO_110504.pdf,17/12/2021
193,244,178728 - Los Soles - Implementación - AT&T - BTS - TTV - GPS - Septiembre 20,110504,18/12/2021,18/12/2021,Admin Admin,55000,BTS,MXN,31,0,pdf/po_2020/M3PO_110504.pdf,18/12/2021
194,390,85921 Pie de La cuesta Implementación Refuerzo 12163195 AT&T - GPS,110344,19/12/2021,19/12/2021,Admin Admin,1104289.21,Reforzamiento,MXN,103,0,pdf/po_2020/M3PO_110344.pdf,19/12/2021
195,205,179008 - La Palma - Implementación - AT&T - BTS - TTV - GPS - Septiembre 20,110301,20/12/2021,20/12/2021,Admin Admin,55000,BTS,MXN,13,0,pdf/po_2020/M3PO_110301.pdf,20/12/2021
196,413,175931_POP REYNOSA_Implementación refuerzo en torre Axtel_GPS,110235,21/12/2021,21/12/2021,Admin Admin,1115918.26,Reforzamiento,MXN,122,0,pdf/po_2020/M3PO_110235.pdf,21/12/2021
197,400,176751 Laberinto implementacion Refuerzo Tower Risk GP,110217,22/12/2021,22/12/2021,Admin Admin,90579.43,Reforzamiento,MXN,110,0,pdf/po_2020/M3PO_110217.pdf,22/12/2021
198,455,85898 - Bella Vista - Implementación - Mantenimiento - BasePlate Guyed Tower - Refuerzo Arriostradas - Normal - GPS - Septiembre - 20,110187,23/12/2021,23/12/2021,Admin Admin,57369.78,Reforzamiento,MXN,154,0,pdf/po_2020/M3PO_110187.pdf,23/12/2021
199,421,145128 Hospital los Alamos Implementación BasePlate Guyed Tower GPS,110187,24/12/2021,24/12/2021,Admin Admin,53311.26,Reforzamiento,MXN,129,0,pdf/po_2020/M3PO_110187.pdf,24/12/2021
200,262,133880 Vicente Guerrero Implementación BasePlate Guyed Tower GPS,110187,25/12/2021,25/12/2021,Admin Admin,53262.6,Reforzamiento,MXN,40,0,pdf/po_2020/M3PO_110187.pdf,25/12/2021
201,419,133630 - Clouthier - Implementación - BasePlate Guyed Tower - GPS,110187,26/12/2021,26/12/2021,Admin Admin,38912.12,Reforzamiento,MXN,127,0,pdf/po_2020/M3PO_110187.pdf,26/12/2021
202,454,85904 - Estacion de Polanco - Implementación - Mantenimiento - BasePlate Guyed Tower - Refuerzo Arriostradas - Normal - GPS - Septiembre - 20,110141,27/12/2021,27/12/2021,Admin Admin,41506.86,Reforzamiento,MXN,153,0,pdf/po_2020/M3PO_110141.pdf,27/12/2021
203,449,133382 - Cuautepec - Implementación - Mantenimiento - BasePlate Guyed Tower - Refuerzo Arriostradas - Normal - GPS - Septiembre - 20,110141,28/12/2021,28/12/2021,Admin Admin,34302.26,Reforzamiento,MXN,148,0,pdf/po_2020/M3PO_110141.pdf,28/12/2021
204,456,131297_ROCIO_Implementación refuerzo en torre Altan Redes_GPS,110046,29/12/2021,29/12/2021,Admin Admin,1677025.35,Reforzamiento,MXN,155,0,pdf/po_2020/M3PO_110046.pdf,29/12/2021
205,206,178900_ACOROS_Implementación_AT&T_BTS_TTV_GPS_Urgente_Septiembre 2020,110046,30/12/2021,30/12/2021,Admin Admin,55000,BTS,MXN,14,0,pdf/po_2020/M3PO_110046.pdf,30/12/2021
206,296,145779_2027 Chihuahua_Implementación refuerzo en torre AT&T_GPS,109960,31/12/2021,31/12/2021,Admin Admin,111319.58,Cambio de Torre,MXN,55,0,pdf/po_2020/M3PO_109960.pdf,31/12/2021
207,437,144743 - Revolucion - Implementación - ALTÁN - Colocacion - Incremento de 4m en torre - Urgente - GPS - Septiembre - 2020,109960,01/01/2022,01/01/2022,Admin Admin,135579.49,Reforzamiento,MXN,139,0,pdf/po_2020/M3PO_109960.pdf,01/01/2022
208,457,86353 - Anahuac - Implementación - ALTÁN - Colocacion - Incremento de 5m + reubicación de triángulo estabilizador + Nuevas retenidas - Urgente - GPS - Septiembre - 2020,109960,02/01/2022,02/01/2022,Admin Admin,237155.87,Reforzamiento,MXN,156,0,pdf/po_2020/M3PO_109960.pdf,02/01/2022
209,443,131945_Bugambilias - Implementación - AT&T - Additional Equipment - Refuerzo - Normal - GPS - Setiembre - 20,109960,03/01/2022,03/01/2022,Admin Admin,134879.53,Reforzamiento,MXN,143,0,pdf/po_2020/M3PO_109960.pdf,03/01/2022
210,120,178732 - CHHJRZ2313 - Implementación - AT&T - BTS - TTV - GPS - septiembre 20,109887,04/01/2022,04/01/2022,Admin Admin,55000,BTS,MXN,3,0,pdf/po_2020/M3PO_109887.pdf,04/01/2022
211,210,178962_GUERRERO NORTE_Implementación_AT&T_BTS_TTV_GPS_Urgente_Septiembre 2020,109837,05/01/2022,05/01/2022,Admin Admin,55000,BTS,MXN,15,0,pdf/po_2020/M3PO_109837.pdf,05/01/2022
212,195,178731 Puerto Dunquerque CHHJRZ2312 Implementación ATT Ingenierías GPS 020920 Urgente,109837,06/01/2022,06/01/2022,Admin Admin,55000,BTS,MXN,6,0,pdf/po_2020/M3PO_109837.pdf,06/01/2022
213,444,133467_Las Americas - Implementación - Axtel - Additional Equipment - Refuerzo - Normal - GPS - Agosto - 20,109767,07/01/2022,07/01/2022,Admin Admin,5668.69,Reforzamiento,MXN,144,0,pdf/po_2020/M3PO_109767.pdf,07/01/2022
214,439,147011 - Valle Mayo - Implementación - ALTÁN - Colocacion - Incremento de 4m en torre Autosoportada - Urgente - GPS - Agosto - 2020,109767,08/01/2022,08/01/2022,Admin Admin,126372.07,Reforzamiento,MXN,140,0,pdf/po_2020/M3PO_109767.pdf,08/01/2022
215,355,178750 Suksa NLEGEE2323 Implementación ATT BTS Obra Civil GPS 280820 Urgente,109688,09/01/2022,09/01/2022,Admin Admin,906964.64,BTS,MXN,74,0,pdf/po_2020/M3PO_109688.pdf,09/01/2022
216,410,85676_Hidalgo del parral_Implementación refuerzo Totalplay_GPS,109688,10/01/2022,10/01/2022,Admin Admin,22522.6,Reforzamiento,MXN,119,0,pdf/po_2020/M3PO_109688.pdf,10/01/2022
217,446,86410_Cerboruco_Implementaciòn refuerzo Altan Redes_GPS,109688,11/01/2022,11/01/2022,Admin Admin,139520.16,Reforzamiento,MXN,145,0,pdf/po_2020/M3PO_109688.pdf,11/01/2022
218,436,144492 - Tecolotlan - Implementación - ALTÁN - Colocacion - Incremento de 4m en torre Autosoportada - Urgente - GPS - Agosto - 2020,109688,12/01/2022,12/01/2022,Admin Admin,109127.15,Reforzamiento,MXN,138,0,pdf/po_2020/M3PO_109688.pdf,12/01/2022
219,440,148326 - Nuevo Guadiana - Implementación - ALTÁN - Colocacion - Incremento de 4m en torre Autosoportada + Horizontales 1T - Urgente - GPS - Agosto - 2020,109688,13/01/2022,13/01/2022,Admin Admin,114018.63,Reforzamiento,MXN,141,0,pdf/po_2020/M3PO_109688.pdf,13/01/2022
220,441,140678 - Cardenas - Implementación - ALTÁN - Colocacion - Incremento de 4m - Urgente - GPS - Agosto - 2020,109688,14/01/2022,14/01/2022,Admin Admin,136266.74,Reforzamiento,MXN,142,0,pdf/po_2020/M3PO_109688.pdf,14/01/2022
221,250,85626_CD. ACUÑA_Implementación refuerzo AT&T_GPS,109644,15/01/2022,15/01/2022,Admin Admin,1811422.64,Reforzamiento,MXN,36,0,pdf/po_2020/M3PO_109644.pdf,15/01/2022
222,405,132334_Centro_Implementación refuerzo AT&T_Adicionales torre_GPS,109572,16/01/2022,16/01/2022,Admin Admin,140385.46,Reforzamiento,MXN,115,0,pdf/po_2020/M3PO_109572.pdf,16/01/2022
223,391,86521 - Pocito - Implementación - Total Play - Additional Equipment - Refuerzo - Normal - GPS - Agosto - 20,109454,17/01/2022,17/01/2022,Admin Admin,761527.11,Reforzamiento,MXN,104,0,pdf/po_2020/M3PO_109454.pdf,17/01/2022
224,431,86527_Lomas - Implementación - AT&T - Additional Equipment - Refuerzo - Normal - GPS - Agosto - 20,109282,18/01/2022,18/01/2022,Admin Admin,24376.32,Reforzamiento,MXN,137,0,pdf/po_2020/M3PO_109282.pdf,18/01/2022
225,425,131433_Cubilete - Implementación - Total Play - Additional Equipment - Refuerzo - Normal - GPS - Agosto - 20,109282,19/01/2022,19/01/2022,Admin Admin,115595.04,Reforzamiento,MXN,133,0,pdf/po_2020/M3PO_109282.pdf,19/01/2022
226,430,148182_San Miguel de Allende - Implementación - Total Play - Additional Equipment - Refuerzo - Normal - GPS - Agosto - 20,109282,20/01/2022,20/01/2022,Admin Admin,91452.19,Reforzamiento,MXN,136,0,pdf/po_2020/M3PO_109282.pdf,20/01/2022
227,409,145758 - 2301 Celaya - Implementación - Axtel - Additional Equipment - Refuerzo - Normal - GPS - Agosto - 20,109282,21/01/2022,21/01/2022,Admin Admin,41478.83,Reforzamiento,MXN,118,0,pdf/po_2020/M3PO_109282.pdf,21/01/2022
228,416,145906 - 1509 Torreon - Implementación - AT&T - Collocation - refuerzo - Normal - GPS - Agosto - 20,109282,22/01/2022,22/01/2022,Admin Admin,168276.89,Reforzamiento,MXN,125,0,pdf/po_2020/M3PO_109282.pdf,22/01/2022
229,380,146185_3410 HERMOSILLO_Implementación_AT&T_Collo Adecuaciones_Obra Civil_GPS_Urgente_Agosto 2020_RDS,109202,23/01/2022,23/01/2022,Admin Admin,110864.69,Colocacion,MXN,98,0,pdf/po_2020/M3PO_109202.pdf,23/01/2022
230,387,145567_1504 Gomez Palacio_Implementación refuerzo AT&T_GPS,109040,24/01/2022,24/01/2022,Admin Admin,105064.43,Reforzamiento,MXN,102,0,pdf/po_2020/M3PO_109040.pdf,24/01/2022
231,356,145567 - 1504 GOMEZ PALACIO - AT&T - Collo - Adecuaciones Obra Civil - GPS - (Urgente) - Julio - 2020 RDS PT,108998,25/01/2022,25/01/2022,Admin Admin,245356.06,Colocacion,MXN,75,0,pdf/po_2020/M3PO_108998.pdf,25/01/2022
232,429,86495 - Arandas (Torre I) - Implementación - Axtel - Additional Equipment - Refuerzo - Normal - GPS - Julio - 20,108917,26/01/2022,26/01/2022,Admin Admin,1302935.02,Reforzamiento,MXN,135,0,pdf/po_2020/M3PO_108917.pdf,26/01/2022
233,415,132209_Santa Fe_Implementación refuerzo AT&T_GPS,108875,27/01/2022,27/01/2022,Admin Admin,1055557.57,Reforzamiento,MXN,124,0,pdf/po_2020/M3PO_108875.pdf,27/01/2022
234,194,144462_DESARROLLO ORIENTE_AT&T_Collo_Adecuaciones Obra Civil_GPS_Urgente_Julio 2020_RDS PT,108684,28/01/2022,28/01/2022,Admin Admin,245356.06,Colocacion,MXN,5,0,pdf/po_2020/M3PO_108684.pdf,28/01/2022
235,372,145779_2027 CHIHUAHUA_AT&T_Collo_Adecuaciones Obra Civil_GPS_Urgente_Julio 2020_RDS PT,108684,29/01/2022,29/01/2022,Admin Admin,245356.06,Colocacion,MXN,90,0,pdf/po_2020/M3PO_108684.pdf,29/01/2022
236,354,178733 - Enfermería - Implementación - AT&T - BTS - Obra civil - GPS - Julio 20,108563,30/01/2022,30/01/2022,Admin Admin,770849.09,BTS,MXN,73,0,pdf/po_2020/M3PO_108563.pdf,30/01/2022
237,353,178920 -Televisora Juárez - Implementación - AT&T - BTS - TTV - GPS - Julio 20,108528,31/01/2022,31/01/2022,Admin Admin,55000,BTS,MXN,72,0,pdf/po_2020/M3PO_108528.pdf,31/01/2022
238,355,178750 NLEGEE2323 Suksa Implementación ATT Ingeniería GPS Urgente,108501,01/02/2022,01/02/2022,Admin Admin,55000,BTS,MXN,74,0,pdf/po_2020/M3PO_108501.pdf,01/02/2022
239,352,178752 NLEECR2321 Alianza Real Implementación ATT Obra Civil GPS Urgente,108177,02/02/2022,02/02/2022,Admin Admin,1045752.86,BTS,MXN,71,0,pdf/po_2020/M3PO_108177.pdf,02/02/2022
240,402,141195_Solidaridad_Implementación refuerzo AT&T_GPS,108177,03/02/2022,03/02/2022,Admin Admin,226616,Reforzamiento,MXN,112,0,pdf/po_2020/M3PO_108177.pdf,03/02/2022
241,411,143491 - TAMAZ - Implementación - AT&T - Additional Equipment - Refuerzo - Normal - GPS - Junio - 20,108061,04/02/2022,04/02/2022,Admin Admin,1199346.64,Reforzamiento,MXN,120,0,pdf/po_2020/M3PO_108061.pdf,04/02/2022
242,270,176015_Guanajuato_Implementación refuerzo AXTEL_GPS,108009,05/02/2022,05/02/2022,Admin Admin,832427.46,Cambio de Torre,MXN,43,0,pdf/po_2020/M3PO_108009.pdf,05/02/2022
243,409,145758 - 2301 Celaya - Implementación - Axtel - Additional Equipment - Refuerzo - Normal - GPS - Junio - 20,107993,06/02/2022,06/02/2022,Admin Admin,135888.01,Reforzamiento,MXN,118,0,pdf/po_2020/M3PO_107993.pdf,06/02/2022
244,354,178733 - Enfermería - Implementación - AT&T - BTS - TTV - GPS - Junio 20,107955,07/02/2022,07/02/2022,Admin Admin,55000,BTS,MXN,73,0,pdf/po_2020/M3PO_107955.pdf,07/02/2022
245,405,132334_Centro (San Carlos Sonora)_Implementación refuerzo AT&T_GPS,107923,08/02/2022,08/02/2022,Admin Admin,729798.85,Reforzamiento,MXN,115,0,pdf/po_2020/M3PO_107923.pdf,08/02/2022
246,371,145922 - 1517 Torreon - Implementación - AT&T - Collocation - Incremento - Normal - GPS - Junio - 20,107805,09/02/2022,09/02/2022,Admin Admin,145902.22,Colocacion,MXN,89,0,pdf/po_2020/M3PO_107805.pdf,09/02/2022
247,414,146155 - 3401 Hermosillo - Implementación - Total Play - Collocation - Refuerzo - Normal - GPS - Junio - 20,107746,10/02/2022,10/02/2022,Admin Admin,330343.37,Reforzamiento,MXN,123,0,pdf/po_2020/M3PO_107746.pdf,10/02/2022
248,370,140368_Jasmin_Implementación refuerzo AT&T_GPS,107624,11/02/2022,11/02/2022,Admin Admin,109658.02,Colocacion,MXN,88,0,pdf/po_2020/M3PO_107624.pdf,11/02/2022
249,363,144520_Santo Niño_Implementación refuerzo AT&T_GPS,107462,12/02/2022,12/02/2022,Admin Admin,166900.54,Colocacion,MXN,81,0,pdf/po_2020/M3PO_107462.pdf,12/02/2022
250,404,145739_2006 Chihuahua_Implementación refuerzo AXTEL_GPS,107237,13/02/2022,13/02/2022,Admin Admin,443040.08,Reforzamiento,MXN,114,0,pdf/po_2020/M3PO_107237.pdf,13/02/2022
251,364,140597_Campestre Virreyes_Implementación refuerzo AT&T_GPS,107237,14/02/2022,14/02/2022,Admin Admin,154354.15,Colocacion,MXN,82,0,pdf/po_2020/M3PO_107237.pdf,14/02/2022
252,403,140685_GO KARTS_Implementación refuerzo AT&T_GPS,107169,15/02/2022,15/02/2022,Admin Admin,304956.47,Reforzamiento,MXN,113,0,pdf/po_2020/M3PO_107169.pdf,15/02/2022
253,367,142612_TEC_Implementación refuerzo AT&T_GPS,107126,16/02/2022,16/02/2022,Admin Admin,119986.03,Colocacion,MXN,85,0,pdf/po_2020/M3PO_107126.pdf,16/02/2022
254,380,146185_3410 Hermosillo_Implementación refuerzo AT&T_GPS,107126,17/02/2022,17/02/2022,Admin Admin,80285.62,Colocacion,MXN,98,0,pdf/po_2020/M3PO_107126.pdf,17/02/2022
255,370,140368_JAZMIN_AT&T_Collo_Adecuaciones Obra Civil_GPS_Urgente_Mayo 2020_RDS PT,107077,18/02/2022,18/02/2022,Admin Admin,245356.06,Colocacion,MXN,88,0,pdf/po_2020/M3PO_107077.pdf,18/02/2022
256,412,145584_1515 Gomez Palacio_Implementación refuerzo AT&T_GPS,107052,19/02/2022,19/02/2022,Admin Admin,1677684.75,Reforzamiento,MXN,121,0,pdf/po_2020/M3PO_107052.pdf,19/02/2022
257,352,178752 NLEECR2321 Alianza Real Implementación ATT Ingenierías GPS Urgente,106872,20/02/2022,20/02/2022,Admin Admin,55000,BTS,MXN,71,0,pdf/po_2020/M3PO_106872.pdf,20/02/2022
258,371,145922 - 1517 TORREON - AT&T - Collo - Adecuaciones Obra Civil - GPS - (urgente) - Mayo - 2020 (RDS PT),106820,21/02/2022,21/02/2022,Admin Admin,245356.06,Colocacion,MXN,89,0,pdf/po_2020/M3PO_106820.pdf,21/02/2022
259,380,146185_CLUB HIPICO REUBICACIONAT&T_Collo_Adecuaciones Obra Civil_GPS_Urgente_Mayo 2020_RDS PT,106764,22/02/2022,22/02/2022,Admin Admin,252684.2,Colocacion,MXN,98,0,pdf/po_2020/M3PO_106764.pdf,22/02/2022
260,408,145075 - Montecarlo - Implementación - AT&T - Collocation - Refuerzo - Normal - GPS - Mayo - 20,106636,23/02/2022,23/02/2022,Admin Admin,271122.02,Reforzamiento,MXN,117,0,pdf/po_2020/M3PO_106636.pdf,23/02/2022
261,376,141205 - Inter - Implementación - AT&T - Collocation - incremento - Normal - GPS - Mayo - 20,106636,24/02/2022,24/02/2022,Admin Admin,105969.73,Colocacion,MXN,94,0,pdf/po_2020/M3PO_106636.pdf,24/02/2022
262,358,140685_GO KARTS_AT&T_Collo_Adecuaciones Obra Civil_GPS_Urgente_Mayo 2020_RDS PT,106551,25/02/2022,25/02/2022,Admin Admin,245356.06,Colocacion,MXN,77,0,pdf/po_2020/M3PO_106551.pdf,25/02/2022
263,369,145813_269 ESCOBEDO_AT&T_Collo_Adecuaciones Obra Civil_GPS_Urgente_Mayo 2020_RDS PT,106551,26/02/2022,26/02/2022,Admin Admin,245356.06,Colocacion,MXN,87,0,pdf/po_2020/M3PO_106551.pdf,26/02/2022
264,383,144184_SAN JOSE_AT&T_Collo_Adecuaciones Obra Civil_GPS_Urgente_Mayo 2020_RDS PT,106551,27/02/2022,27/02/2022,Admin Admin,245356.06,Colocacion,MXN,101,0,pdf/po_2020/M3PO_106551.pdf,27/02/2022
265,368,"145075 - MONTECARLO - AT&T - Collo -
Adecuaciones Obra Civil - GPS - (Urgente) - Abril -
2020 RDS PT",106425,28/02/2022,28/02/2022,Admin Admin,245356.06,Colocacion,MXN,86,0,pdf/po_2020/M3PO_106425.pdf,28/02/2022
266,77,178735 - Naranjos - Implementación - AT&T (BTS) - TTV - GPS - Urgente - Abril 20,106400,01/03/2022,01/03/2022,Admin Admin,55000,BTS,MXN,2,0,pdf/po_2020/M3PO_106400.pdf,01/03/2022
267,76,178734 COASLT2314 Nueva Jerusalén Implementación ATT Ingenierías GPS Urgente,106317,02/03/2022,02/03/2022,Admin Admin,55000,BTS,MXN,1,0,pdf/po_2020/M3PO_106317.pdf,02/03/2022
268,407,133488 Arboledas Implementación Refuerzo Tower Risk - GPS,106232,03/03/2022,03/03/2022,Admin Admin,347878.44,Reforzamiento,MXN,116,0,pdf/po_2020/M3PO_106232.pdf,03/03/2022
269,376,141205_INTER_AT&T_Collo_Adecuaciones Obra Civil_GPS_Urgente_Abril 2020_RDS PT,106185,04/03/2022,04/03/2022,Admin Admin,245356.06,Colocacion,MXN,94,0,pdf/po_2020/M3PO_106185.pdf,04/03/2022
270,366,145746_2010 Chihuahua_Implementación refuerzo AT&T_GPS,106182,05/03/2022,05/03/2022,Admin Admin,113777.59,Colocacion,MXN,84,0,pdf/po_2020/M3PO_106182.pdf,05/03/2022
271,367,142612_TEC_AT&T_Collo_Adecuaciones Obra Civil_GPS_Urgente_Abril 2020_RDS PT,105956,06/03/2022,06/03/2022,Admin Admin,245356.06,Colocacion,MXN,85,0,pdf/po_2020/M3PO_105956.pdf,06/03/2022
272,378,143791 - Leon - Implementación - AT&T - Collocation - Incremento - Normal - GPS - Abril - 20,105759,07/03/2022,07/03/2022,Admin Admin,161219.65,Colocacion,MXN,96,0,pdf/po_2020/M3PO_105759.pdf,07/03/2022
273,379,141199 - Hilario Moreno - Implementación - AT&T - Collocation - incremento - Normal - GPS - Abril - 20,105759,08/03/2022,08/03/2022,Admin Admin,100476.4,Colocacion,MXN,97,0,pdf/po_2020/M3PO_105759.pdf,08/03/2022
274,402,141195_Solidaridad_IMPLEMENTACIÓN REFUERZO AT&T_GPS,105579,09/03/2022,09/03/2022,Admin Admin,140961.34,Reforzamiento,MXN,112,0,pdf/po_2020/M3PO_105579.pdf,09/03/2022
275,378,143791_LEON_AT&T_Collo_Adecuaciones Obra Civil_GPS_Urgente_Abril 2020_RDS PT,105566,10/03/2022,10/03/2022,Admin Admin,245356.06,Colocacion,MXN,96,0,pdf/po_2020/M3PO_105566.pdf,10/03/2022
276,366,145746_2010 CHIHUAHUA_AT&T_Collo_Adecuaciones Obra Civil_GPS_Urgente_Abril 2020_RDS PT,105566,11/03/2022,11/03/2022,Admin Admin,245356.06,Colocacion,MXN,84,0,pdf/po_2020/M3PO_105566.pdf,11/03/2022
277,365,143803 - Sacramento - Implementación - AT&T - Collocation - incremento - Normal - GPS - Marzo - 20,105554,12/03/2022,12/03/2022,Admin Admin,364957.6,Reforzamiento,MXN,83,0,pdf/po_2020/M3PO_105554.pdf,12/03/2022
278,365,143803 - Sacramento - Implementación - AT&T - Collo - Mapeo de Torre - GPS - Mar2020,105471,13/03/2022,13/03/2022,Admin Admin,15000,,MXN,83,0,pdf/po_2020/M3PO_105471.pdf,13/03/2022
279,379,141199_HILARIO MORENO_AT&T_Collo_Adecuaciones Obra Civil_GPS_Urgente_Marzo 2020_RDS PT,105164,14/03/2022,14/03/2022,Admin Admin,252684.2,Colocacion,MXN,97,0,pdf/po_2020/M3PO_105164.pdf,14/03/2022
280,365,143803_SACRAMENTO_AT&T_Collo_Adecuaciones Obra Civil_GPS_Urgente_Marzo 2020_RDS PT,105164,15/03/2022,15/03/2022,Admin Admin,252684.2,Colocacion,MXN,83,0,pdf/po_2020/M3PO_105164.pdf,15/03/2022
281,357,141195_SOLIDARIDAD_AT&T_Collo_Adecuaciones Obra Civil_GPS_Urgente_Marzo 2020_RDS PT,105164,16/03/2022,16/03/2022,Admin Admin,252684.2,Colocacion,MXN,76,0,pdf/po_2020/M3PO_105164.pdf,16/03/2022
282,401,135069 - Patzcuaro - Implementación - Altán - Colocacion - Refuerzo en bridas + refuerzo en piernas - Urgente - GPS - Marzo - 2020,104884,17/03/2022,17/03/2022,Admin Admin,226946.66,Reforzamiento,MXN,111,0,pdf/po_2020/M3PO_104884.pdf,17/03/2022
283,364,140597 - CAMPESTRE VIRREYES,104628,18/03/2022,18/03/2022,Admin Admin,252684.2,Colocacion,MXN,82,0,pdf/po_2020/M3PO_104628.pdf,18/03/2022
284,375,144451 - SAN CARLOS,104628,19/03/2022,19/03/2022,Admin Admin,252684.2,Colocacion,MXN,93,0,pdf/po_2020/M3PO_104628.pdf,19/03/2022
285,360,145906 - 1509 TORREÓN,104503,20/03/2022,20/03/2022,Admin Admin,252684.2,Colocacion,MXN,78,0,pdf/po_2020/M3PO_104503.pdf,20/03/2022
286,374,145783 - 2028 CHIHUAHUA,104503,21/03/2022,21/03/2022,Admin Admin,252684.2,Colocacion,MXN,92,0,pdf/po_2020/M3PO_104503.pdf,21/03/2022
287,361,145777 - 2026 CHIHUAHUA,104503,22/03/2022,22/03/2022,Admin Admin,252684.2,Colocacion,MXN,79,0,pdf/po_2020/M3PO_104503.pdf,22/03/2022
288,327,145929 - 3214 CULIACÁN,104503,23/03/2022,23/03/2022,Admin Admin,252684.2,Colocacion,MXN,66,0,pdf/po_2020/M3PO_104503.pdf,23/03/2022
289,249,146193 - 3412 HERMOSILLO,104503,24/03/2022,24/03/2022,Admin Admin,252684.2,Colocacion,MXN,35,0,pdf/po_2020/M3PO_104503.pdf,24/03/2022
290,363,144520 - SANTO NIÑO,104503,25/03/2022,25/03/2022,Admin Admin,252684.2,Colocacion,MXN,81,0,pdf/po_2020/M3PO_104503.pdf,25/03/2022
291,247,175852 - TORREÓN,104503,26/03/2022,26/03/2022,Admin Admin,252684.2,Colocacion,MXN,33,0,pdf/po_2020/M3PO_104503.pdf,26/03/2022
292,381,141971 - Hacienda los Morales | Hugo Lozano Implementación - AT&T - Collocation - Refuerzo Urgente - GPS - Febrero - 20,104222,27/03/2022,27/03/2022,Admin Admin,190891.46,Colocacion,MXN,99,0,pdf/po_2020/M3PO_104222.pdf,27/03/2022
293,427,132346 - Real Del Sol (Sonora) - Implementación ALTÁN - Colocacion - Refuerzo en bridas + refuerzo en piernas + Tornillería - Urgente - GPS - Febrero 202,104209,28/03/2022,28/03/2022,Admin Admin,287523.19,Reforzamiento,MXN,134,0,pdf/po_2020/M3PO_104209.pdf,28/03/2022
294,381,141971 - Hacienda los Morales / Hugo LozanoImplementación - obra civil - collos - AT&T - GPS Feb - 2020- (RDS PT,104014,29/03/2022,29/03/2022,Admin Admin,252684.2,Colocacion,MXN,99,0,pdf/po_2020/M3PO_104014.pdf,29/03/2022
295,382,86157 - REAL DEL VALLE - Implementación - obra civil - collos - AT&T - GPS - Feb_ 2020- (RDS PT),104014,30/03/2022,30/03/2022,Admin Admin,252684.2,Colocacion,MXN,100,0,pdf/po_2020/M3PO_104014.pdf,30/03/2022
296,377,142415 - Eje 132 - Implementación - obra civil collos - AT&T - GPS - Feb_ 2020- (RDS PT),104014,31/03/2022,31/03/2022,Admin Admin,252684.2,Colocacion,MXN,95,0,pdf/po_2020/M3PO_104014.pdf,31/03/2022
